Workbook

Sheet Daily
A1: Student | B1: Service Date | C1: Session Time | D1: Session Duration | E1: Hours | F1: Pay | G1: Units | H1: FNF | I1: Code | J1: Charged Amount | K1: User | L1: Level | M1: Note | N1: Unbilled notes | O1: Expiration Date
A2: Abdi, Ahmed | B2: 46014 | C2: 03:30pm - 08:00pm | E2: =HOUR(D2)+MINUTE(D2)/100 | F2: =ROUND(INT(E2) + (E2 - INT(E2)) * 100 / 60, 2) | G2: =E2*4 | H2: =LET(total, INT(E2)*60 + (E2-INT(E2))*100, blocks, QUOTIENT(total, 15), extra, MOD(total, 15), units, blocks + IF(extra>=8, 1, 0), units) | I2: 1/1 97153 | J2: =IF(L2="Level 1", VLOOKUP(I2, UserCodes!E:F, 2, FALSE) * H2, IF(L2="Level 2", VLOOKUP(I2, UserCodes!E:F, 2, FALSE) * H2 * 0.8, 0)) | K2: Ibrahim, Ahmed | L2: =VLOOKUP(K2, UserCodes!A:B, 2, FALSE) | M2: No note
A3: Abdi, Ahmed | B3: 46013 | C3: 04:00pm - 07:00pm | E3: =HOUR(D3)+MINUTE(D3)/100 | F3: =ROUND(INT(E3) + (E3 - INT(E3)) * 100 / 60, 2) | G3: =E3*4 | H3: =LET(total, INT(E3)*60 + (E3-INT(E3))*100, blocks, QUOTIENT(total, 15), extra, MOD(total, 15), units, blocks + IF(extra>=8, 1, 0), units) | I3: O&D 97155 | J3: =IF(L3="Level 1", VLOOKUP(I3, UserCodes!E:F, 2, FALSE) * H3, IF(L3="Level 2", VLOOKUP(I3, UserCodes!E:F, 2, FALSE) * H3 * 0.8, 0)) | K3: Ibrahim, Ahmed | L3: =VLOOKUP(K3, UserCodes!A:B, 2, FALSE) | M3: No note
A4: Abdi, Ahmed | B4: 46003 | C4: 05:00pm - 06:00pm | E4: =HOUR(D4)+MINUTE(D4)/100 | F4: =ROUND(INT(E4) + (E4 - INT(E4)) * 100 / 60, 2) | G4: =E4*4 | H4: =LET(total, INT(E4)*60 + (E4-INT(E4))*100, blocks, QUOTIENT(total, 15), extra, MOD(total, 15), units, blocks + IF(extra>=8, 1, 0), units) | I4: 1/1 97153 | J4: =IF(L4="Level 1", VLOOKUP(I4, UserCodes!E:F, 2, FALSE) * H4, IF(L4="Level 2", VLOOKUP(I4, UserCodes!E:F, 2, FALSE) * H4 * 0.8, 0)) | K4: Abdulle, Zamzam | L4: =VLOOKUP(K4, UserCodes!A:B, 2, FALSE) | M4: No note
A5: Abdi, Mohamed | B5: 46013 | C5: 03:00pm - 08:00pm | E5: =HOUR(D5)+MINUTE(D5)/100 | F5: =ROUND(INT(E5) + (E5 - INT(E5)) * 100 / 60, 2) | G5: =E5*4 | H5: =LET(total, INT(E5)*60 + (E5-INT(E5))*100, blocks, QUOTIENT(total, 15), extra, MOD(total, 15), units, blocks + IF(extra>=8, 1, 0), units) | I5: 1/1 97153 | J5: =IF(L5="Level 1", VLOOKUP(I5, UserCodes!E:F, 2, FALSE) * H5, IF(L5="Level 2", VLOOKUP(I5, UserCodes!E:F, 2, FALSE) * H5 * 0.8, 0)) | K5: Mohamed, Mohamed | L5: =VLOOKUP(K5, UserCodes!A:B, 2, FALSE) | M5: No note
A6: Abdi, Mohamed | B6: 46013 | C6: 07:00pm - 08:00pm | E6: =HOUR(D6)+MINUTE(D6)/100 | F6: =ROUND(INT(E6) + (E6 - INT(E6)) * 100 / 60, 2) | G6: =E6*4 | H6: =LET(total, INT(E6)*60 + (E6-INT(E6))*100, blocks, QUOTIENT(total, 15), extra, MOD(total, 15), units, blocks + IF(extra>=8, 1, 0), units) | I6: O&D 97155 | J6: =IF(L6="Level 1", VLOOKUP(I6, UserCodes!E:F, 2, FALSE) * H6, IF(L6="Level 2", VLOOKUP(I6, UserCodes!E:F, 2, FALSE) * H6 * 0.8, 0)) | K6: Ibrahim, Ahmed | L6: =VLOOKUP(K6, UserCodes!A:B, 2, FALSE) | M6: No note
A7: Abdi, Safia | B7: 46014 | C7: 04:30pm - 06:30pm | E7: =HOUR(D7)+MINUTE(D7)/100 | F7: =ROUND(INT(E7) + (E7 - INT(E7)) * 100 / 60, 2) | G7: =E7*4 | H7: =LET(total, INT(E7)*60 + (E7-INT(E7))*100, blocks, QUOTIENT(total, 15), extra, MOD(total, 15), units, blocks + IF(extra>=8, 1, 0), units) | I7: O&D 97155 | J7: =IF(L7="Level 1", VLOOKUP(I7, UserCodes!E:F, 2, FALSE) * H7, IF(L7="Level 2", VLOOKUP(I7, UserCodes!E:F, 2, FALSE) * H7 * 0.8, 0)) | K7: mohamed, Madar | L7: =VLOOKUP(K7, UserCodes!A:B, 2, FALSE) | M7: No note
A8: Abdi, Safia | B8: 46012 | C8: 01:30 AM - 03:45 PM | D8: 14:15 | E8: =HOUR(D8)+MINUTE(D8)/100 | F8: =ROUND(INT(E8) + (E8 - INT(E8)) * 100 / 60, 2) | G8: =E8*4 | H8: =LET(total, INT(E8)*60 + (E8-INT(E8))*100, blocks, QUOTIENT(total, 15), extra, MOD(total, 15), units, blocks + IF(extra>=8, 1, 0), units) | J8: =IF(L8="Level 1", VLOOKUP(I8, UserCodes!E:F, 2, FALSE) * H8, IF(L8="Level 2", VLOOKUP(I8, UserCodes!E:F, 2, FALSE) * H8 * 0.8, 0)) | K8: Ahmed, Jama | L8: =VLOOKUP(K8, UserCodes!A:B, 2, FALSE) | M8: No schedule
A9: Abdi, Safia | B9: 46013 | C9: 02:00pm - 04:00pm | E9: =HOUR(D9)+MINUTE(D9)/100 | F9: =ROUND(INT(E9) + (E9 - INT(E9)) * 100 / 60, 2) | G9: =E9*4 | H9: =LET(total, INT(E9)*60 + (E9-INT(E9))*100, blocks, QUOTIENT(total, 15), extra, MOD(total, 15), units, blocks + IF(extra>=8, 1, 0), units) | I9: O&D 97155 | J9: =IF(L9="Level 1", VLOOKUP(I9, UserCodes!E:F, 2, FALSE) * H9, IF(L9="Level 2", VLOOKUP(I9, UserCodes!E:F, 2, FALSE) * H9 * 0.8, 0)) | K9: Ibrahim, Ahmed | L9: =VLOOKUP(K9, UserCodes!A:B, 2, FALSE) | M9: No note
A10: Abdi, Safia | B10: 46013 | C10: 02:00pm - 08:00pm | E10: =HOUR(D10)+MINUTE(D10)/100 | F10: =ROUND(INT(E10) + (E10 - INT(E10)) * 100 / 60, 2) | G10: =E10*4 | H10: =LET(total, INT(E10)*60 + (E10-INT(E10))*100, blocks, QUOTIENT(total, 15), extra, MOD(total, 15), units, blocks + IF(extra>=8, 1, 0), units) | I10: 1/1 97153 | J10: =IF(L10="Level 1", VLOOKUP(I10, UserCodes!E:F, 2, FALSE) * H10, IF(L10="Level 2", VLOOKUP(I10, UserCodes!E:F, 2, FALSE) * H10 * 0.8, 0)) | K10: Muse, Nawaal | L10: =VLOOKUP(K10, UserCodes!A:B, 2, FALSE) | M10: No note
A11: Abdi, Safia | B11: 46008 | C11: 09:45 AM - 11:30 AM | D11: 01:45 | E11: =HOUR(D11)+MINUTE(D11)/100 | F11: =ROUND(INT(E11) + (E11 - INT(E11)) * 100 / 60, 2) | G11: =E11*4 | H11: =LET(total, INT(E11)*60 + (E11-INT(E11))*100, blocks, QUOTIENT(total, 15), extra, MOD(total, 15), units, blocks + IF(extra>=8, 1, 0), units) | J11: =IF(L11="Level 1", VLOOKUP(I11, UserCodes!E:F, 2, FALSE) * H11, IF(L11="Level 2", VLOOKUP(I11, UserCodes!E:F, 2, FALSE) * H11 * 0.8, 0)) | K11: Ahmed, Jama | L11: =VLOOKUP(K11, UserCodes!A:B, 2, FALSE) | M11: No schedule
A12: Abdi, Safia | B12: 46004 | C12: 09:00 AM - 11:30 AM | D12: 02:30 | E12: =HOUR(D12)+MINUTE(D12)/100 | F12: =ROUND(INT(E12) + (E12 - INT(E12)) * 100 / 60, 2) | G12: =E12*4 | H12: =LET(total, INT(E12)*60 + (E12-INT(E12))*100, blocks, QUOTIENT(total, 15), extra, MOD(total, 15), units, blocks + IF(extra>=8, 1, 0), units) | J12: =IF(L12="Level 1", VLOOKUP(I12, UserCodes!E:F, 2, FALSE) * H12, IF(L12="Level 2", VLOOKUP(I12, UserCodes!E:F, 2, FALSE) * H12 * 0.8, 0)) | K12: Ahmed, Jama | L12: =VLOOKUP(K12, UserCodes!A:B, 2, FALSE) | M12: No schedule
A13: Abdi, Safia | B13: 46002 | C13: 01:28 PM - 03:50 PM | D13: 02:22 | E13: =HOUR(D13)+MINUTE(D13)/100 | F13: =ROUND(INT(E13) + (E13 - INT(E13)) * 100 / 60, 2) | G13: =E13*4 | H13: =LET(total, INT(E13)*60 + (E13-INT(E13))*100, blocks, QUOTIENT(total, 15), extra, MOD(total, 15), units, blocks + IF(extra>=8, 1, 0), units) | J13: =IF(L13="Level 1", VLOOKUP(I13, UserCodes!E:F, 2, FALSE) * H13, IF(L13="Level 2", VLOOKUP(I13, UserCodes!E:F, 2, FALSE) * H13 * 0.8, 0)) | K13: Ahmed, Jama | L13: =VLOOKUP(K13, UserCodes!A:B, 2, FALSE) | M13: No schedule
A14: Abdi, Safia | B14: 46003 | C14: 04:00 PM - 05:00 PM | D14: 01:00 | E14: =HOUR(D14)+MINUTE(D14)/100 | F14: =ROUND(INT(E14) + (E14 - INT(E14)) * 100 / 60, 2) | G14: =E14*4 | H14: =LET(total, INT(E14)*60 + (E14-INT(E14))*100, blocks, QUOTIENT(total, 15), extra, MOD(total, 15), units, blocks + IF(extra>=8, 1, 0), units) | J14: =IF(L14="Level 1", VLOOKUP(I14, UserCodes!E:F, 2, FALSE) * H14, IF(L14="Level 2", VLOOKUP(I14, UserCodes!E:F, 2, FALSE) * H14 * 0.8, 0)) | K14: El-Tay, Dr. Ismael | L14: =VLOOKUP(K14, UserCodes!A:B, 2, FALSE) | M14: No schedule
A15: Abdi, Salman | B15: 46014 | C15: 12:00pm - 04:00pm | E15: =HOUR(D15)+MINUTE(D15)/100 | F15: =ROUND(INT(E15) + (E15 - INT(E15)) * 100 / 60, 2) | G15: =E15*4 | H15: =LET(total, INT(E15)*60 + (E15-INT(E15))*100, blocks, QUOTIENT(total, 15), extra, MOD(total, 15), units, blocks + IF(extra>=8, 1, 0), units) | I15: 1/1 97153 | J15: =IF(L15="Level 1", VLOOKUP(I15, UserCodes!E:F, 2, FALSE) * H15, IF(L15="Level 2", VLOOKUP(I15, UserCodes!E:F, 2, FALSE) * H15 * 0.8, 0)) | K15: Abdulle, Zamzam | L15: =VLOOKUP(K15, UserCodes!A:B, 2, FALSE) | M15: No note
A16: Abdi, Salman | B16: 46014 | C16: 04:30 PM - 06:30 PM | D16: 02:00 | E16: =HOUR(D16)+MINUTE(D16)/100 | F16: =ROUND(INT(E16) + (E16 - INT(E16)) * 100 / 60, 2) | G16: =E16*4 | H16: =LET(total, INT(E16)*60 + (E16-INT(E16))*100, blocks, QUOTIENT(total, 15), extra, MOD(total, 15), units, blocks + IF(extra>=8, 1, 0), units) | J16: =IF(L16="Level 1", VLOOKUP(I16, UserCodes!E:F, 2, FALSE) * H16, IF(L16="Level 2", VLOOKUP(I16, UserCodes!E:F, 2, FALSE) * H16 * 0.8, 0)) | K16: Mohamed, Madar | L16: =VLOOKUP(K16, UserCodes!A:B, 2, FALSE) | M16: No schedule
A17: Abdi, Salman | B17: 46014 | C17: 09:00 AM - 11:45 AM | D17: 02:45 | E17: =HOUR(D17)+MINUTE(D17)/100 | F17: =ROUND(INT(E17) + (E17 - INT(E17)) * 100 / 60, 2) | G17: =E17*4 | H17: =LET(total, INT(E17)*60 + (E17-INT(E17))*100, blocks, QUOTIENT(total, 15), extra, MOD(total, 15), units, blocks + IF(extra>=8, 1, 0), units) | J17: =IF(L17="Level 1", VLOOKUP(I17, UserCodes!E:F, 2, FALSE) * H17, IF(L17="Level 2", VLOOKUP(I17, UserCodes!E:F, 2, FALSE) * H17 * 0.8, 0)) | K17: Ahmed, Jama | L17: =VLOOKUP(K17, UserCodes!A:B, 2, FALSE) | M17: No schedule
A18: Abdi, Samira | B18: 46003 | C18: 04:00pm - 08:00pm | E18: =HOUR(D18)+MINUTE(D18)/100 | F18: =ROUND(INT(E18) + (E18 - INT(E18)) * 100 / 60, 2) | G18: =E18*4 | H18: =LET(total, INT(E18)*60 + (E18-INT(E18))*100, blocks, QUOTIENT(total, 15), extra, MOD(total, 15), units, blocks + IF(extra>=8, 1, 0), units) | I18: 1/1 97153 | J18: =IF(L18="Level 1", VLOOKUP(I18, UserCodes!E:F, 2, FALSE) * H18, IF(L18="Level 2", VLOOKUP(I18, UserCodes!E:F, 2, FALSE) * H18 * 0.8, 0)) | K18: Abdulle, Zamzam | L18: =VLOOKUP(K18, UserCodes!A:B, 2, FALSE) | M18: No note
A19: Abdi, Samira | B19: 46003 | C19: 09:00 AM - 11:30 AM | D19: 02:30 | E19: =HOUR(D19)+MINUTE(D19)/100 | F19: =ROUND(INT(E19) + (E19 - INT(E19)) * 100 / 60, 2) | G19: =E19*4 | H19: =LET(total, INT(E19)*60 + (E19-INT(E19))*100, blocks, QUOTIENT(total, 15), extra, MOD(total, 15), units, blocks + IF(extra>=8, 1, 0), units) | J19: =IF(L19="Level 1", VLOOKUP(I19, UserCodes!E:F, 2, FALSE) * H19, IF(L19="Level 2", VLOOKUP(I19, UserCodes!E:F, 2, FALSE) * H19 * 0.8, 0)) | K19: Ahmed, Jama | L19: =VLOOKUP(K19, UserCodes!A:B, 2, FALSE) | M19: No schedule
A20: Abdi, Samira | B20: 46002 | C20: 05:00 PM - 06:00 PM | D20: 01:00 | E20: =HOUR(D20)+MINUTE(D20)/100 | F20: =ROUND(INT(E20) + (E20 - INT(E20)) * 100 / 60, 2) | G20: =E20*4 | H20: =LET(total, INT(E20)*60 + (E20-INT(E20))*100, blocks, QUOTIENT(total, 15), extra, MOD(total, 15), units, blocks + IF(extra>=8, 1, 0), units) | J20: =IF(L20="Level 1", VLOOKUP(I20, UserCodes!E:F, 2, FALSE) * H20, IF(L20="Level 2", VLOOKUP(I20, UserCodes!E:F, 2, FALSE) * H20 * 0.8, 0)) | K20: El-Tay, Dr. Ismael | L20: =VLOOKUP(K20, UserCodes!A:B, 2, FALSE) | M20: No schedule
A21: Abdi, Samira | B21: 46013 | C21: 09:30 AM - 11:45 AM | D21: 02:15 | E21: =HOUR(D21)+MINUTE(D21)/100 | F21: =ROUND(INT(E21) + (E21 - INT(E21)) * 100 / 60, 2) | G21: =E21*4 | H21: =LET(total, INT(E21)*60 + (E21-INT(E21))*100, blocks, QUOTIENT(total, 15), extra, MOD(total, 15), units, blocks + IF(extra>=8, 1, 0), units) | J21: =IF(L21="Level 1", VLOOKUP(I21, UserCodes!E:F, 2, FALSE) * H21, IF(L21="Level 2", VLOOKUP(I21, UserCodes!E:F, 2, FALSE) * H21 * 0.8, 0)) | K21: Ahmed, Jama | L21: =VLOOKUP(K21, UserCodes!A:B, 2, FALSE) | M21: No schedule
A22: Abdi, Samira | B22: 46001 | C22: 10:00 AM - 12:30 PM | D22: 02:30 | E22: =HOUR(D22)+MINUTE(D22)/100 | F22: =ROUND(INT(E22) + (E22 - INT(E22)) * 100 / 60, 2) | G22: =E22*4 | H22: =LET(total, INT(E22)*60 + (E22-INT(E22))*100, blocks, QUOTIENT(total, 15), extra, MOD(total, 15), units, blocks + IF(extra>=8, 1, 0), units) | J22: =IF(L22="Level 1", VLOOKUP(I22, UserCodes!E:F, 2, FALSE) * H22, IF(L22="Level 2", VLOOKUP(I22, UserCodes!E:F, 2, FALSE) * H22 * 0.8, 0)) | K22: Ahmed, Jama | L22: =VLOOKUP(K22, UserCodes!A:B, 2, FALSE) | M22: No schedule
A23: Abdi, Samira | B23: 46009 | C23: 12:55 PM - 03:10 PM | D23: 02:15 | E23: =HOUR(D23)+MINUTE(D23)/100 | F23: =ROUND(INT(E23) + (E23 - INT(E23)) * 100 / 60, 2) | G23: =E23*4 | H23: =LET(total, INT(E23)*60 + (E23-INT(E23))*100, blocks, QUOTIENT(total, 15), extra, MOD(total, 15), units, blocks + IF(extra>=8, 1, 0), units) | J23: =IF(L23="Level 1", VLOOKUP(I23, UserCodes!E:F, 2, FALSE) * H23, IF(L23="Level 2", VLOOKUP(I23, UserCodes!E:F, 2, FALSE) * H23 * 0.8, 0)) | K23: Ahmed, Jama | L23: =VLOOKUP(K23, UserCodes!A:B, 2, FALSE) | M23: No schedule
A24: Abdi, Samira | B24: 46009 | C24: 04:00pm - 05:00pm | E24: =HOUR(D24)+MINUTE(D24)/100 | F24: =ROUND(INT(E24) + (E24 - INT(E24)) * 100 / 60, 2) | G24: =E24*4 | H24: =LET(total, INT(E24)*60 + (E24-INT(E24))*100, blocks, QUOTIENT(total, 15), extra, MOD(total, 15), units, blocks + IF(extra>=8, 1, 0), units) | I24: 1/1 97153 | J24: =IF(L24="Level 1", VLOOKUP(I24, UserCodes!E:F, 2, FALSE) * H24, IF(L24="Level 2", VLOOKUP(I24, UserCodes!E:F, 2, FALSE) * H24 * 0.8, 0)) | K24: Abdulle, Zamzam | L24: =VLOOKUP(K24, UserCodes!A:B, 2, FALSE) | M24: No note
A25: Abdi, Samira | B25: 46007 | C25: 01:35 PM - 03:55 PM | D25: 02:20 | E25: =HOUR(D25)+MINUTE(D25)/100 | F25: =ROUND(INT(E25) + (E25 - INT(E25)) * 100 / 60, 2) | G25: =E25*4 | H25: =LET(total, INT(E25)*60 + (E25-INT(E25))*100, blocks, QUOTIENT(total, 15), extra, MOD(total, 15), units, blocks + IF(extra>=8, 1, 0), units) | J25: =IF(L25="Level 1", VLOOKUP(I25, UserCodes!E:F, 2, FALSE) * H25, IF(L25="Level 2", VLOOKUP(I25, UserCodes!E:F, 2, FALSE) * H25 * 0.8, 0)) | K25: Ahmed, Jama | L25: =VLOOKUP(K25, UserCodes!A:B, 2, FALSE) | M25: No schedule
A26: Abdulkadir, Nadra | B26: 46013 | C26: 01:00 PM - 03:15 PM | D26: 02:15 | E26: =HOUR(D26)+MINUTE(D26)/100 | F26: =ROUND(INT(E26) + (E26 - INT(E26)) * 100 / 60, 2) | G26: =E26*4 | H26: =LET(total, INT(E26)*60 + (E26-INT(E26))*100, blocks, QUOTIENT(total, 15), extra, MOD(total, 15), units, blocks + IF(extra>=8, 1, 0), units) | J26: =IF(L26="Level 1", VLOOKUP(I26, UserCodes!E:F, 2, FALSE) * H26, IF(L26="Level 2", VLOOKUP(I26, UserCodes!E:F, 2, FALSE) * H26 * 0.8, 0)) | K26: Ahmed, Jama | L26: =VLOOKUP(K26, UserCodes!A:B, 2, FALSE) | M26: No schedule
A27: Abdulkadir, Nadra | B27: 46001 | C27: 01:30 PM - 03:50 PM | D27: 02:20 | E27: =HOUR(D27)+MINUTE(D27)/100 | F27: =ROUND(INT(E27) + (E27 - INT(E27)) * 100 / 60, 2) | G27: =E27*4 | H27: =LET(total, INT(E27)*60 + (E27-INT(E27))*100, blocks, QUOTIENT(total, 15), extra, MOD(total, 15), units, blocks + IF(extra>=8, 1, 0), units) | J27: =IF(L27="Level 1", VLOOKUP(I27, UserCodes!E:F, 2, FALSE) * H27, IF(L27="Level 2", VLOOKUP(I27, UserCodes!E:F, 2, FALSE) * H27 * 0.8, 0)) | K27: Ahmed, Jama | L27: =VLOOKUP(K27, UserCodes!A:B, 2, FALSE) | M27: No schedule
A28: Abdulkadir, Nadra | B28: 46002 | C28: 11:30am - 02:30pm | E28: =HOUR(D28)+MINUTE(D28)/100 | F28: =ROUND(INT(E28) + (E28 - INT(E28)) * 100 / 60, 2) | G28: =E28*4 | H28: =LET(total, INT(E28)*60 + (E28-INT(E28))*100, blocks, QUOTIENT(total, 15), extra, MOD(total, 15), units, blocks + IF(extra>=8, 1, 0), units) | I28: O&D 97155 | J28: =IF(L28="Level 1", VLOOKUP(I28, UserCodes!E:F, 2, FALSE) * H28, IF(L28="Level 2", VLOOKUP(I28, UserCodes!E:F, 2, FALSE) * H28 * 0.8, 0)) | K28: mohamed, Madar | L28: =VLOOKUP(K28, UserCodes!A:B, 2, FALSE) | M28: No note
A29: Abdulkadir, Nadra | B29: 46005 | C29: 09:30 AM - 11:45 AM | D29: 02:15 | E29: =HOUR(D29)+MINUTE(D29)/100 | F29: =ROUND(INT(E29) + (E29 - INT(E29)) * 100 / 60, 2) | G29: =E29*4 | H29: =LET(total, INT(E29)*60 + (E29-INT(E29))*100, blocks, QUOTIENT(total, 15), extra, MOD(total, 15), units, blocks + IF(extra>=8, 1, 0), units) | J29: =IF(L29="Level 1", VLOOKUP(I29, UserCodes!E:F, 2, FALSE) * H29, IF(L29="Level 2", VLOOKUP(I29, UserCodes!E:F, 2, FALSE) * H29 * 0.8, 0)) | K29: Ahmed, Jama | L29: =VLOOKUP(K29, UserCodes!A:B, 2, FALSE) | M29: No schedule
A30: Abdullahi, Abdirahman | B30: 46005 | C30: 12:50 PM - 03:30 PM | D30: 02:40 | E30: =HOUR(D30)+MINUTE(D30)/100 | F30: =ROUND(INT(E30) + (E30 - INT(E30)) * 100 / 60, 2) | G30: =E30*4 | H30: =LET(total, INT(E30)*60 + (E30-INT(E30))*100, blocks, QUOTIENT(total, 15), extra, MOD(total, 15), units, blocks + IF(extra>=8, 1, 0), units) | J30: =IF(L30="Level 1", VLOOKUP(I30, UserCodes!E:F, 2, FALSE) * H30, IF(L30="Level 2", VLOOKUP(I30, UserCodes!E:F, 2, FALSE) * H30 * 0.8, 0)) | K30: Ahmed, Jama | L30: =VLOOKUP(K30, UserCodes!A:B, 2, FALSE) | M30: No schedule
A31: Abdullahi, Abdirahman | B31: 46008 | C31: 01:00pm - 04:00pm | E31: =HOUR(D31)+MINUTE(D31)/100 | F31: =ROUND(INT(E31) + (E31 - INT(E31)) * 100 / 60, 2) | G31: =E31*4 | H31: =LET(total, INT(E31)*60 + (E31-INT(E31))*100, blocks, QUOTIENT(total, 15), extra, MOD(total, 15), units, blocks + IF(extra>=8, 1, 0), units) | I31: 1/1 97153 | J31: =IF(L31="Level 1", VLOOKUP(I31, UserCodes!E:F, 2, FALSE) * H31, IF(L31="Level 2", VLOOKUP(I31, UserCodes!E:F, 2, FALSE) * H31 * 0.8, 0)) | K31: Ali, Nasteho | L31: =VLOOKUP(K31, UserCodes!A:B, 2, FALSE) | M31: No note
A32: Abdullahi, Abdirahman | B32: 46002 | C32: 09:30 AM - 11:45 AM | D32: 02:15 | E32: =HOUR(D32)+MINUTE(D32)/100 | F32: =ROUND(INT(E32) + (E32 - INT(E32)) * 100 / 60, 2) | G32: =E32*4 | H32: =LET(total, INT(E32)*60 + (E32-INT(E32))*100, blocks, QUOTIENT(total, 15), extra, MOD(total, 15), units, blocks + IF(extra>=8, 1, 0), units) | J32: =IF(L32="Level 1", VLOOKUP(I32, UserCodes!E:F, 2, FALSE) * H32, IF(L32="Level 2", VLOOKUP(I32, UserCodes!E:F, 2, FALSE) * H32 * 0.8, 0)) | K32: Ahmed, Jama | L32: =VLOOKUP(K32, UserCodes!A:B, 2, FALSE) | M32: No schedule
A33: Abdullahi, Abdirahman | B33: 46008 | C33: 12:45 PM - 02:50 PM | D33: 02:05 | E33: =HOUR(D33)+MINUTE(D33)/100 | F33: =ROUND(INT(E33) + (E33 - INT(E33)) * 100 / 60, 2) | G33: =E33*4 | H33: =LET(total, INT(E33)*60 + (E33-INT(E33))*100, blocks, QUOTIENT(total, 15), extra, MOD(total, 15), units, blocks + IF(extra>=8, 1, 0), units) | J33: =IF(L33="Level 1", VLOOKUP(I33, UserCodes!E:F, 2, FALSE) * H33, IF(L33="Level 2", VLOOKUP(I33, UserCodes!E:F, 2, FALSE) * H33 * 0.8, 0)) | K33: Ahmed, Jama | L33: =VLOOKUP(K33, UserCodes!A:B, 2, FALSE) | M33: No schedule
A34: Abdullahi, Abdirahman | B34: 46014 | C34: 01:30pm - 03:00pm | E34: =HOUR(D34)+MINUTE(D34)/100 | F34: =ROUND(INT(E34) + (E34 - INT(E34)) * 100 / 60, 2) | G34: =E34*4 | H34: =LET(total, INT(E34)*60 + (E34-INT(E34))*100, blocks, QUOTIENT(total, 15), extra, MOD(total, 15), units, blocks + IF(extra>=8, 1, 0), units) | I34: 1/1 97153 | J34: =IF(L34="Level 1", VLOOKUP(I34, UserCodes!E:F, 2, FALSE) * H34, IF(L34="Level 2", VLOOKUP(I34, UserCodes!E:F, 2, FALSE) * H34 * 0.8, 0)) | K34: Ibrahim, Ahmed | L34: =VLOOKUP(K34, UserCodes!A:B, 2, FALSE) | M34: No note
A35: Abdullahi, Abdirahman | B35: 46006 | C35: 01:00pm - 04:00pm | E35: =HOUR(D35)+MINUTE(D35)/100 | F35: =ROUND(INT(E35) + (E35 - INT(E35)) * 100 / 60, 2) | G35: =E35*4 | H35: =LET(total, INT(E35)*60 + (E35-INT(E35))*100, blocks, QUOTIENT(total, 15), extra, MOD(total, 15), units, blocks + IF(extra>=8, 1, 0), units) | I35: O&D 97155 | J35: =IF(L35="Level 1", VLOOKUP(I35, UserCodes!E:F, 2, FALSE) * H35, IF(L35="Level 2", VLOOKUP(I35, UserCodes!E:F, 2, FALSE) * H35 * 0.8, 0)) | K35: Abdulle, Zamzam | L35: =VLOOKUP(K35, UserCodes!A:B, 2, FALSE) | M35: No note
A36: Abdullahi, Abdirahman | B36: 46014 | C36: 01:00pm - 01:30pm | E36: =HOUR(D36)+MINUTE(D36)/100 | F36: =ROUND(INT(E36) + (E36 - INT(E36)) * 100 / 60, 2) | G36: =E36*4 | H36: =LET(total, INT(E36)*60 + (E36-INT(E36))*100, blocks, QUOTIENT(total, 15), extra, MOD(total, 15), units, blocks + IF(extra>=8, 1, 0), units) | I36: 1/1 97153 | J36: =IF(L36="Level 1", VLOOKUP(I36, UserCodes!E:F, 2, FALSE) * H36, IF(L36="Level 2", VLOOKUP(I36, UserCodes!E:F, 2, FALSE) * H36 * 0.8, 0)) | K36: Ibrahim, Ahmed | L36: =VLOOKUP(K36, UserCodes!A:B, 2, FALSE) | M36: No note
A37: Ali, Saami | B37: 46011 | C37: 04:00pm - 06:00pm | E37: =HOUR(D37)+MINUTE(D37)/100 | F37: =ROUND(INT(E37) + (E37 - INT(E37)) * 100 / 60, 2) | G37: =E37*4 | H37: =LET(total, INT(E37)*60 + (E37-INT(E37))*100, blocks, QUOTIENT(total, 15), extra, MOD(total, 15), units, blocks + IF(extra>=8, 1, 0), units) | I37: O&D 97155 | J37: =IF(L37="Level 1", VLOOKUP(I37, UserCodes!E:F, 2, FALSE) * H37, IF(L37="Level 2", VLOOKUP(I37, UserCodes!E:F, 2, FALSE) * H37 * 0.8, 0)) | K37: Ibrahim, Ahmed | L37: =VLOOKUP(K37, UserCodes!A:B, 2, FALSE) | M37: No note
A38: Jama, Khadija | B38: 46010 | C38: 09:25 AM - 11:40 AM | D38: 02:15 | E38: =HOUR(D38)+MINUTE(D38)/100 | F38: =ROUND(INT(E38) + (E38 - INT(E38)) * 100 / 60, 2) | G38: =E38*4 | H38: =LET(total, INT(E38)*60 + (E38-INT(E38))*100, blocks, QUOTIENT(total, 15), extra, MOD(total, 15), units, blocks + IF(extra>=8, 1, 0), units) | J38: =IF(L38="Level 1", VLOOKUP(I38, UserCodes!E:F, 2, FALSE) * H38, IF(L38="Level 2", VLOOKUP(I38, UserCodes!E:F, 2, FALSE) * H38 * 0.8, 0)) | K38: Ahmed, Jama | L38: =VLOOKUP(K38, UserCodes!A:B, 2, FALSE) | M38: No schedule
A39: Jama, Khadija | B39: 46004 | C39: 10:00am - 03:00pm | E39: =HOUR(D39)+MINUTE(D39)/100 | F39: =ROUND(INT(E39) + (E39 - INT(E39)) * 100 / 60, 2) | G39: =E39*4 | H39: =LET(total, INT(E39)*60 + (E39-INT(E39))*100, blocks, QUOTIENT(total, 15), extra, MOD(total, 15), units, blocks + IF(extra>=8, 1, 0), units) | I39: 1/1 97153 | J39: =IF(L39="Level 1", VLOOKUP(I39, UserCodes!E:F, 2, FALSE) * H39, IF(L39="Level 2", VLOOKUP(I39, UserCodes!E:F, 2, FALSE) * H39 * 0.8, 0)) | K39: Abdulle, Zamzam | L39: =VLOOKUP(K39, UserCodes!A:B, 2, FALSE) | M39: No note
A40: Kadir, Hamdi | B40: 46003 | C40: 12:55 PM - 03:45 PM | D40: 02:50 | E40: =HOUR(D40)+MINUTE(D40)/100 | F40: =ROUND(INT(E40) + (E40 - INT(E40)) * 100 / 60, 2) | G40: =E40*4 | H40: =LET(total, INT(E40)*60 + (E40-INT(E40))*100, blocks, QUOTIENT(total, 15), extra, MOD(total, 15), units, blocks + IF(extra>=8, 1, 0), units) | J40: =IF(L40="Level 1", VLOOKUP(I40, UserCodes!E:F, 2, FALSE) * H40, IF(L40="Level 2", VLOOKUP(I40, UserCodes!E:F, 2, FALSE) * H40 * 0.8, 0)) | K40: Ahmed, Jama | L40: =VLOOKUP(K40, UserCodes!A:B, 2, FALSE) | M40: No schedule
A41: Kadir, Hamdi | B41: 46010 | C41: 12:59 PM - 03:00 PM | D41: 02:01 | E41: =HOUR(D41)+MINUTE(D41)/100 | F41: =ROUND(INT(E41) + (E41 - INT(E41)) * 100 / 60, 2) | G41: =E41*4 | H41: =LET(total, INT(E41)*60 + (E41-INT(E41))*100, blocks, QUOTIENT(total, 15), extra, MOD(total, 15), units, blocks + IF(extra>=8, 1, 0), units) | J41: =IF(L41="Level 1", VLOOKUP(I41, UserCodes!E:F, 2, FALSE) * H41, IF(L41="Level 2", VLOOKUP(I41, UserCodes!E:F, 2, FALSE) * H41 * 0.8, 0)) | K41: Ahmed, Jama | L41: =VLOOKUP(K41, UserCodes!A:B, 2, FALSE) | M41: No schedule
A42: Kadir, Hamdi | B42: 46014 | C42: 12:30pm - 05:00pm | E42: =HOUR(D42)+MINUTE(D42)/100 | F42: =ROUND(INT(E42) + (E42 - INT(E42)) * 100 / 60, 2) | G42: =E42*4 | H42: =LET(total, INT(E42)*60 + (E42-INT(E42))*100, blocks, QUOTIENT(total, 15), extra, MOD(total, 15), units, blocks + IF(extra>=8, 1, 0), units) | I42: 1/1 97153 | J42: =IF(L42="Level 1", VLOOKUP(I42, UserCodes!E:F, 2, FALSE) * H42, IF(L42="Level 2", VLOOKUP(I42, UserCodes!E:F, 2, FALSE) * H42 * 0.8, 0)) | K42: Muse, Nawaal | L42: =VLOOKUP(K42, UserCodes!A:B, 2, FALSE) | M42: No note
A43: Kadir, Hamdi | B43: 46013 | C43: 12:00 PM - 03:00 PM | D43: 03:00 | E43: =HOUR(D43)+MINUTE(D43)/100 | F43: =ROUND(INT(E43) + (E43 - INT(E43)) * 100 / 60, 2) | G43: =E43*4 | H43: =LET(total, INT(E43)*60 + (E43-INT(E43))*100, blocks, QUOTIENT(total, 15), extra, MOD(total, 15), units, blocks + IF(extra>=8, 1, 0), units) | J43: =IF(L43="Level 1", VLOOKUP(I43, UserCodes!E:F, 2, FALSE) * H43, IF(L43="Level 2", VLOOKUP(I43, UserCodes!E:F, 2, FALSE) * H43 * 0.8, 0)) | K43: Muse, Aaliya | L43: =VLOOKUP(K43, UserCodes!A:B, 2, FALSE) | M43: No schedule
A44: Kadir, Hamdi | B44: 46014 | C44: 09:00am - 12:00pm | E44: =HOUR(D44)+MINUTE(D44)/100 | F44: =ROUND(INT(E44) + (E44 - INT(E44)) * 100 / 60, 2) | G44: =E44*4 | H44: =LET(total, INT(E44)*60 + (E44-INT(E44))*100, blocks, QUOTIENT(total, 15), extra, MOD(total, 15), units, blocks + IF(extra>=8, 1, 0), units) | I44: 1/1 97153 | J44: =IF(L44="Level 1", VLOOKUP(I44, UserCodes!E:F, 2, FALSE) * H44, IF(L44="Level 2", VLOOKUP(I44, UserCodes!E:F, 2, FALSE) * H44 * 0.8, 0)) | K44: Muse, Nawaal | L44: =VLOOKUP(K44, UserCodes!A:B, 2, FALSE) | M44: No note
A45: Omar, Abdiweli | B45: 46005 | C45: 01:00 PM - 05:00 PM | D45: 04:00 | E45: =HOUR(D45)+MINUTE(D45)/100 | F45: =ROUND(INT(E45) + (E45 - INT(E45)) * 100 / 60, 2) | G45: =E45*4 | H45: =LET(total, INT(E45)*60 + (E45-INT(E45))*100, blocks, QUOTIENT(total, 15), extra, MOD(total, 15), units, blocks + IF(extra>=8, 1, 0), units) | J45: =IF(L45="Level 1", VLOOKUP(I45, UserCodes!E:F, 2, FALSE) * H45, IF(L45="Level 2", VLOOKUP(I45, UserCodes!E:F, 2, FALSE) * H45 * 0.8, 0)) | K45: Webi3, Amina | L45: =VLOOKUP(K45, UserCodes!A:B, 2, FALSE) | M45: No schedule
A46: Omar, Abdiweli | B46: 46012 | C46: 01:00 PM - 06:00 PM | D46: 05:00 | E46: =HOUR(D46)+MINUTE(D46)/100 | F46: =ROUND(INT(E46) + (E46 - INT(E46)) * 100 / 60, 2) | G46: =E46*4 | H46: =LET(total, INT(E46)*60 + (E46-INT(E46))*100, blocks, QUOTIENT(total, 15), extra, MOD(total, 15), units, blocks + IF(extra>=8, 1, 0), units) | J46: =IF(L46="Level 1", VLOOKUP(I46, UserCodes!E:F, 2, FALSE) * H46, IF(L46="Level 2", VLOOKUP(I46, UserCodes!E:F, 2, FALSE) * H46 * 0.8, 0)) | K46: Webi3, Amina | L46: =VLOOKUP(K46, UserCodes!A:B, 2, FALSE) | M46: No schedule
A47: Omar, Abdiweli | B47: 46006 | C47: 06:00 PM - 10:00 PM | D47: 04:00 | E47: =HOUR(D47)+MINUTE(D47)/100 | F47: =ROUND(INT(E47) + (E47 - INT(E47)) * 100 / 60, 2) | G47: =E47*4 | H47: =LET(total, INT(E47)*60 + (E47-INT(E47))*100, blocks, QUOTIENT(total, 15), extra, MOD(total, 15), units, blocks + IF(extra>=8, 1, 0), units) | J47: =IF(L47="Level 1", VLOOKUP(I47, UserCodes!E:F, 2, FALSE) * H47, IF(L47="Level 2", VLOOKUP(I47, UserCodes!E:F, 2, FALSE) * H47 * 0.8, 0)) | K47: Webi3, Amina | L47: =VLOOKUP(K47, UserCodes!A:B, 2, FALSE) | M47: No schedule
A48: Sulub, Sharmake | B48: 46004 | C48: 12:30 PM - 02:50 PM | D48: 02:20 | E48: =HOUR(D48)+MINUTE(D48)/100 | F48: =ROUND(INT(E48) + (E48 - INT(E48)) * 100 / 60, 2) | G48: =E48*4 | H48: =LET(total, INT(E48)*60 + (E48-INT(E48))*100, blocks, QUOTIENT(total, 15), extra, MOD(total, 15), units, blocks + IF(extra>=8, 1, 0), units) | J48: =IF(L48="Level 1", VLOOKUP(I48, UserCodes!E:F, 2, FALSE) * H48, IF(L48="Level 2", VLOOKUP(I48, UserCodes!E:F, 2, FALSE) * H48 * 0.8, 0)) | K48: Ahmed, Jama | L48: =VLOOKUP(K48, UserCodes!A:B, 2, FALSE) | M48: No schedule
A49: Sulub, Sharmake | B49: 46013 | C49: 09:00am - 12:00pm | E49: =HOUR(D49)+MINUTE(D49)/100 | F49: =ROUND(INT(E49) + (E49 - INT(E49)) * 100 / 60, 2) | G49: =E49*4 | H49: =LET(total, INT(E49)*60 + (E49-INT(E49))*100, blocks, QUOTIENT(total, 15), extra, MOD(total, 15), units, blocks + IF(extra>=8, 1, 0), units) | I49: O&D 97155 | J49: =IF(L49="Level 1", VLOOKUP(I49, UserCodes!E:F, 2, FALSE) * H49, IF(L49="Level 2", VLOOKUP(I49, UserCodes!E:F, 2, FALSE) * H49 * 0.8, 0)) | K49: Abdulle, Zamzam | L49: =VLOOKUP(K49, UserCodes!A:B, 2, FALSE) | M49: No note
A50: Sulub, Sharmake | B50: 46008 | C50: 04:00pm - 07:00pm | E50: =HOUR(D50)+MINUTE(D50)/100 | F50: =ROUND(INT(E50) + (E50 - INT(E50)) * 100 / 60, 2) | G50: =E50*4 | H50: =LET(total, INT(E50)*60 + (E50-INT(E50))*100, blocks, QUOTIENT(total, 15), extra, MOD(total, 15), units, blocks + IF(extra>=8, 1, 0), units) | I50: O&D 97155 | J50: =IF(L50="Level 1", VLOOKUP(I50, UserCodes!E:F, 2, FALSE) * H50, IF(L50="Level 2", VLOOKUP(I50, UserCodes!E:F, 2, FALSE) * H50 * 0.8, 0)) | K50: Abdulle, Zamzam | L50: =VLOOKUP(K50, UserCodes!A:B, 2, FALSE) | M50: No note
A51: Sulub, Sharmake | B51: 46011 | C51: 10:00am - 01:00pm | E51: =HOUR(D51)+MINUTE(D51)/100 | F51: =ROUND(INT(E51) + (E51 - INT(E51)) * 100 / 60, 2) | G51: =E51*4 | H51: =LET(total, INT(E51)*60 + (E51-INT(E51))*100, blocks, QUOTIENT(total, 15), extra, MOD(total, 15), units, blocks + IF(extra>=8, 1, 0), units) | I51: O&D 97155 | J51: =IF(L51="Level 1", VLOOKUP(I51, UserCodes!E:F, 2, FALSE) * H51, IF(L51="Level 2", VLOOKUP(I51, UserCodes!E:F, 2, FALSE) * H51 * 0.8, 0)) | K51: Abdulle, Zamzam | L51: =VLOOKUP(K51, UserCodes!A:B, 2, FALSE) | M51: No note
A52: Sulub, Sharmake | B52: 46010 | C52: 04:00pm - 07:00pm | E52: =HOUR(D52)+MINUTE(D52)/100 | F52: =ROUND(INT(E52) + (E52 - INT(E52)) * 100 / 60, 2) | G52: =E52*4 | H52: =LET(total, INT(E52)*60 + (E52-INT(E52))*100, blocks, QUOTIENT(total, 15), extra, MOD(total, 15), units, blocks + IF(extra>=8, 1, 0), units) | I52: O&D 97155 | J52: =IF(L52="Level 1", VLOOKUP(I52, UserCodes!E:F, 2, FALSE) * H52, IF(L52="Level 2", VLOOKUP(I52, UserCodes!E:F, 2, FALSE) * H52 * 0.8, 0)) | K52: Abdulle, Zamzam | L52: =VLOOKUP(K52, UserCodes!A:B, 2, FALSE) | M52: No note
A53: Sulub, Sharmake | B53: 46003 | C53: 06:30pm - 08:00pm | E53: =HOUR(D53)+MINUTE(D53)/100 | F53: =ROUND(INT(E53) + (E53 - INT(E53)) * 100 / 60, 2) | G53: =E53*4 | H53: =LET(total, INT(E53)*60 + (E53-INT(E53))*100, blocks, QUOTIENT(total, 15), extra, MOD(total, 15), units, blocks + IF(extra>=8, 1, 0), units) | I53: 1/1 97153 | J53: =IF(L53="Level 1", VLOOKUP(I53, UserCodes!E:F, 2, FALSE) * H53, IF(L53="Level 2", VLOOKUP(I53, UserCodes!E:F, 2, FALSE) * H53 * 0.8, 0)) | K53: Abdulle, Zamzam | L53: =VLOOKUP(K53, UserCodes!A:B, 2, FALSE) | M53: No note
A54: Sulub, Sharmake | B54: 46006 | C54: 04:00pm - 07:00pm | E54: =HOUR(D54)+MINUTE(D54)/100 | F54: =ROUND(INT(E54) + (E54 - INT(E54)) * 100 / 60, 2) | G54: =E54*4 | H54: =LET(total, INT(E54)*60 + (E54-INT(E54))*100, blocks, QUOTIENT(total, 15), extra, MOD(total, 15), units, blocks + IF(extra>=8, 1, 0), units) | I54: O&D 97155 | J54: =IF(L54="Level 1", VLOOKUP(I54, UserCodes!E:F, 2, FALSE) * H54, IF(L54="Level 2", VLOOKUP(I54, UserCodes!E:F, 2, FALSE) * H54 * 0.8, 0)) | K54: Abdulle, Zamzam | L54: =VLOOKUP(K54, UserCodes!A:B, 2, FALSE) | M54: No note
A55: Sulub, Sharmake | B55: 46007 | C55: 04:00pm - 07:00pm | E55: =HOUR(D55)+MINUTE(D55)/100 | F55: =ROUND(INT(E55) + (E55 - INT(E55)) * 100 / 60, 2) | G55: =E55*4 | H55: =LET(total, INT(E55)*60 + (E55-INT(E55))*100, blocks, QUOTIENT(total, 15), extra, MOD(total, 15), units, blocks + IF(extra>=8, 1, 0), units) | I55: O&D 97155 | J55: =IF(L55="Level 1", VLOOKUP(I55, UserCodes!E:F, 2, FALSE) * H55, IF(L55="Level 2", VLOOKUP(I55, UserCodes!E:F, 2, FALSE) * H55 * 0.8, 0)) | K55: Abdulle, Zamzam | L55: =VLOOKUP(K55, UserCodes!A:B, 2, FALSE) | M55: No note
A56: Sulub, Sharmake | B56: 46014 | C56: 09:00am - 05:00pm | E56: =HOUR(D56)+MINUTE(D56)/100 | F56: =ROUND(INT(E56) + (E56 - INT(E56)) * 100 / 60, 2) | G56: =E56*4 | H56: =LET(total, INT(E56)*60 + (E56-INT(E56))*100, blocks, QUOTIENT(total, 15), extra, MOD(total, 15), units, blocks + IF(extra>=8, 1, 0), units) | I56: 1/1 97153 | J56: =IF(L56="Level 1", VLOOKUP(I56, UserCodes!E:F, 2, FALSE) * H56, IF(L56="Level 2", VLOOKUP(I56, UserCodes!E:F, 2, FALSE) * H56 * 0.8, 0)) | K56: Mohamed, Mohamed | L56: =VLOOKUP(K56, UserCodes!A:B, 2, FALSE) | M56: No note
A57: Yusuf 2, Khadra | B57: 46014 | C57: 12:00pm - 12:30pm | E57: =HOUR(D57)+MINUTE(D57)/100 | F57: =ROUND(INT(E57) + (E57 - INT(E57)) * 100 / 60, 2) | G57: =E57*4 | H57: =LET(total, INT(E57)*60 + (E57-INT(E57))*100, blocks, QUOTIENT(total, 15), extra, MOD(total, 15), units, blocks + IF(extra>=8, 1, 0), units) | I57: 1/1 97153 | J57: =IF(L57="Level 1", VLOOKUP(I57, UserCodes!E:F, 2, FALSE) * H57, IF(L57="Level 2", VLOOKUP(I57, UserCodes!E:F, 2, FALSE) * H57 * 0.8, 0)) | K57: Ibrahim, Ahmed | L57: =VLOOKUP(K57, UserCodes!A:B, 2, FALSE) | M57: No note
A58: Yusuf 2, Khadra | B58: 46009 | C58: 09:35 AM - 11:40 AM | D58: 02:05 | E58: =HOUR(D58)+MINUTE(D58)/100 | F58: =ROUND(INT(E58) + (E58 - INT(E58)) * 100 / 60, 2) | G58: =E58*4 | H58: =LET(total, INT(E58)*60 + (E58-INT(E58))*100, blocks, QUOTIENT(total, 15), extra, MOD(total, 15), units, blocks + IF(extra>=8, 1, 0), units) | J58: =IF(L58="Level 1", VLOOKUP(I58, UserCodes!E:F, 2, FALSE) * H58, IF(L58="Level 2", VLOOKUP(I58, UserCodes!E:F, 2, FALSE) * H58 * 0.8, 0)) | K58: Ahmed, Jama | L58: =VLOOKUP(K58, UserCodes!A:B, 2, FALSE) | M58: No schedule
A59: Yusuf 2, Khadra | B59: 46014 | C59: 01:15 PM - 03:40 PM | D59: 02:25 | E59: =HOUR(D59)+MINUTE(D59)/100 | F59: =ROUND(INT(E59) + (E59 - INT(E59)) * 100 / 60, 2) | G59: =E59*4 | H59: =LET(total, INT(E59)*60 + (E59-INT(E59))*100, blocks, QUOTIENT(total, 15), extra, MOD(total, 15), units, blocks + IF(extra>=8, 1, 0), units) | J59: =IF(L59="Level 1", VLOOKUP(I59, UserCodes!E:F, 2, FALSE) * H59, IF(L59="Level 2", VLOOKUP(I59, UserCodes!E:F, 2, FALSE) * H59 * 0.8, 0)) | K59: Ahmed, Jama | L59: =VLOOKUP(K59, UserCodes!A:B, 2, FALSE) | M59: No schedule
A60: Yusuf 2, Khadra | B60: 46006 | C60: 12:55 PM - 03:30 PM | D60: 02:35 | E60: =HOUR(D60)+MINUTE(D60)/100 | F60: =ROUND(INT(E60) + (E60 - INT(E60)) * 100 / 60, 2) | G60: =E60*4 | H60: =LET(total, INT(E60)*60 + (E60-INT(E60))*100, blocks, QUOTIENT(total, 15), extra, MOD(total, 15), units, blocks + IF(extra>=8, 1, 0), units) | J60: =IF(L60="Level 1", VLOOKUP(I60, UserCodes!E:F, 2, FALSE) * H60, IF(L60="Level 2", VLOOKUP(I60, UserCodes!E:F, 2, FALSE) * H60 * 0.8, 0)) | K60: Ahmed, Jama | L60: =VLOOKUP(K60, UserCodes!A:B, 2, FALSE) | M60: No schedule
A61: Yusuf 2, Khadra | B61: 46007 | C61: 10:00 AM - 12:30 PM | D61: 02:30 | E61: =HOUR(D61)+MINUTE(D61)/100 | F61: =ROUND(INT(E61) + (E61 - INT(E61)) * 100 / 60, 2) | G61: =E61*4 | H61: =LET(total, INT(E61)*60 + (E61-INT(E61))*100, blocks, QUOTIENT(total, 15), extra, MOD(total, 15), units, blocks + IF(extra>=8, 1, 0), units) | J61: =IF(L61="Level 1", VLOOKUP(I61, UserCodes!E:F, 2, FALSE) * H61, IF(L61="Level 2", VLOOKUP(I61, UserCodes!E:F, 2, FALSE) * H61 * 0.8, 0)) | K61: Ahmed, Jama | L61: =VLOOKUP(K61, UserCodes!A:B, 2, FALSE) | M61: No schedule
A62: Yusuf 2, Khadra | B62: 46012 | C62: 10:00 AM - 12:30 PM | D62: 02:30 | E62: =HOUR(D62)+MINUTE(D62)/100 | F62: =ROUND(INT(E62) + (E62 - INT(E62)) * 100 / 60, 2) | G62: =E62*4 | H62: =LET(total, INT(E62)*60 + (E62-INT(E62))*100, blocks, QUOTIENT(total, 15), extra, MOD(total, 15), units, blocks + IF(extra>=8, 1, 0), units) | J62: =IF(L62="Level 1", VLOOKUP(I62, UserCodes!E:F, 2, FALSE) * H62, IF(L62="Level 2", VLOOKUP(I62, UserCodes!E:F, 2, FALSE) * H62 * 0.8, 0)) | K62: Ahmed, Jama | L62: =VLOOKUP(K62, UserCodes!A:B, 2, FALSE) | M62: No schedule
A63: Yusuf, Khadija | B63: 46011 | C63: 09:30 AM - 11:30 AM | D63: 02:00 | E63: =HOUR(D63)+MINUTE(D63)/100 | F63: =ROUND(INT(E63) + (E63 - INT(E63)) * 100 / 60, 2) | G63: =E63*4 | H63: =LET(total, INT(E63)*60 + (E63-INT(E63))*100, blocks, QUOTIENT(total, 15), extra, MOD(total, 15), units, blocks + IF(extra>=8, 1, 0), units) | J63: =IF(L63="Level 1", VLOOKUP(I63, UserCodes!E:F, 2, FALSE) * H63, IF(L63="Level 2", VLOOKUP(I63, UserCodes!E:F, 2, FALSE) * H63 * 0.8, 0)) | K63: Ahmed, Jama | L63: =VLOOKUP(K63, UserCodes!A:B, 2, FALSE) | M63: No schedule
A64: Yusuf, Khadija | B64: 46010 | C64: 02:30 PM - 04:00 PM | D64: 01:30 | E64: =HOUR(D64)+MINUTE(D64)/100 | F64: =ROUND(INT(E64) + (E64 - INT(E64)) * 100 / 60, 2) | G64: =E64*4 | H64: =LET(total, INT(E64)*60 + (E64-INT(E64))*100, blocks, QUOTIENT(total, 15), extra, MOD(total, 15), units, blocks + IF(extra>=8, 1, 0), units) | J64: =IF(L64="Level 1", VLOOKUP(I64, UserCodes!E:F, 2, FALSE) * H64, IF(L64="Level 2", VLOOKUP(I64, UserCodes!E:F, 2, FALSE) * H64 * 0.8, 0)) | K64: Muse, Ayni | L64: =VLOOKUP(K64, UserCodes!A:B, 2, FALSE) | M64: No schedule
A65: Yusuf, Khadija | B65: 46010 | C65: 02:30 PM - 06:00 PM | D65: 03:30 | E65: =HOUR(D65)+MINUTE(D65)/100 | F65: =ROUND(INT(E65) + (E65 - INT(E65)) * 100 / 60, 2) | G65: =E65*4 | H65: =LET(total, INT(E65)*60 + (E65-INT(E65))*100, blocks, QUOTIENT(total, 15), extra, MOD(total, 15), units, blocks + IF(extra>=8, 1, 0), units) | J65: =IF(L65="Level 1", VLOOKUP(I65, UserCodes!E:F, 2, FALSE) * H65, IF(L65="Level 2", VLOOKUP(I65, UserCodes!E:F, 2, FALSE) * H65 * 0.8, 0)) | K65: Ran, Sameya | L65: =VLOOKUP(K65, UserCodes!A:B, 2, FALSE) | M65: No schedule
A66: Yusuf, Khadija | B66: 46006 | C66: 10:00 AM - 12:00 PM | D66: 02:00 | E66: =HOUR(D66)+MINUTE(D66)/100 | F66: =ROUND(INT(E66) + (E66 - INT(E66)) * 100 / 60, 2) | G66: =E66*4 | H66: =LET(total, INT(E66)*60 + (E66-INT(E66))*100, blocks, QUOTIENT(total, 15), extra, MOD(total, 15), units, blocks + IF(extra>=8, 1, 0), units) | J66: =IF(L66="Level 1", VLOOKUP(I66, UserCodes!E:F, 2, FALSE) * H66, IF(L66="Level 2", VLOOKUP(I66, UserCodes!E:F, 2, FALSE) * H66 * 0.8, 0)) | K66: Ahmed, Jama | L66: =VLOOKUP(K66, UserCodes!A:B, 2, FALSE) | M66: No schedule

Sheet Vardiya
A1: Student | B1: Service Date | C1: Session Time | D1: Session Duration | E1: Hours | F1: Pay | G1: Units | H1: FNF | I1: Code | J1: Charged Amount | K1: User | L1: Level | M1: Note | N1: Unbilled notes | O1: Expiration Date
A2: Mohamed, Sumaya | B2: 46001 | C2: 12:00pm - 03:30pm | I2: 1/1 97153 | K2: Muse, Adna
A3: Mohamed, Sumaya | B3: 46001 | C3: 12:00pm - 03:30pm | I3: O&D 97155 | K3: Muse, Aaliya
A4: Yusuf, Khadija | B4: 46001 | C4: 01:00pm - 05:30pm | I4: 1/1 97153 | K4: Ali, Naima
A5: Yusuf 2, Khadra | B5: 46001 | C5: 01:00pm - 05:00pm | I5: 1/1 97153 | K5: Noor, Kamilo
A6: Yusuf, Khadija | B6: 46001 | C6: 01:00pm - 04:00pm | I6: O&D 97155 | K6: Muse, Ayni
A7: Abdulkadir, Nadra | B7: 46001 | C7: 01:30pm - 06:30pm | I7: 1/1 97153 | K7: Ali, Amira
A8: Abdulkadir, Nadra | B8: 46001 | C8: 01:30pm - 04:30pm | I8: O&D 97155 | K8: mohamed, Madar
A9: Kadir, Hamdi | B9: 46001 | C9: 02:00pm - 05:00pm | I9: 1/1 97153 | K9: Hashi, Ridwan
A10: Kadir, Hamdi | B10: 46001 | C10: 03:30pm - 05:00pm | I10: O&D 97155 | K10: Muse, Adna
A11: Abdulkadir, Nadra | B11: 46002 | C11: 11:30am - 06:30pm | I11: 1/1 97153 | K11: Ali, Nasteho
A12: Abdulkadir, Nadra | B12: 46002 | C12: 11:30am - 02:30pm | I12: O&D 97155 | K12: mohamed, Madar
A13: Yusuf, Khadija | B13: 46002 | C13: 01:00pm - 06:00pm | I13: 1/1 97153 | K13: Ran, Sameya
... A281: Abdi, Ahmed | B281: 46014 | C281: 06:00pm - 08:00pm | I281: O&D 97155 | K281: Muse, Adna

Sheet Note
A1: Student | B1: Service Date | C1: Session Time | D1: Session Duration | E1: Hours | F1: Pay | G1: Units | H1: FNF | I1: Code | J1: Charged Amount | K1: User | L1: Level | M1: Note | N1: Unbilled notes | O1: Expiration Date
A2: Abdi, Ahmed | B2: 46014 | C2: 06:00 PM - 08:00 PM | D2: 02:00 | E2: =HOUR(D2)+MINUTE(D2)/100 | F2: =ROUND(INT(E2) + (E2 - INT(E2)) * 100 / 60, 2) | G2: =E2*4 | H2: =LET(total, INT(E2)*60 + (E2-INT(E2))*100, blocks, QUOTIENT(total, 15), extra, MOD(total, 15), units, blocks + IF(extra>=8, 1, 0), units) | J2: =IF(L2="Level 1", VLOOKUP(I2, UserCodes!E:F, 2, FALSE) * H2, IF(L2="Level 2", VLOOKUP(I2, UserCodes!E:F, 2, FALSE) * H2 * 0.8, 0)) | K2: Muse, Adna | L2: =VLOOKUP(K2, UserCodes!A:B, 2, FALSE)
A3: Abdi, Ahmed | B3: 46013 | C3: 03:00 PM - 08:00 PM | D3: 05:00 | E3: =HOUR(D3)+MINUTE(D3)/100 | F3: =ROUND(INT(E3) + (E3 - INT(E3)) * 100 / 60, 2) | G3: =E3*4 | H3: =LET(total, INT(E3)*60 + (E3-INT(E3))*100, blocks, QUOTIENT(total, 15), extra, MOD(total, 15), units, blocks + IF(extra>=8, 1, 0), units) | J3: =IF(L3="Level 1", VLOOKUP(I3, UserCodes!E:F, 2, FALSE) * H3, IF(L3="Level 2", VLOOKUP(I3, UserCodes!E:F, 2, FALSE) * H3 * 0.8, 0)) | K3: Barqab, Mushtaq | L3: =VLOOKUP(K3, UserCodes!A:B, 2, FALSE)
A4: Abdi, Ahmed | B4: 46011 | C4: 02:32 PM - 06:00 PM | D4: 03:28 | E4: =HOUR(D4)+MINUTE(D4)/100 | F4: =ROUND(INT(E4) + (E4 - INT(E4)) * 100 / 60, 2) | G4: =E4*4 | H4: =LET(total, INT(E4)*60 + (E4-INT(E4))*100, blocks, QUOTIENT(total, 15), extra, MOD(total, 15), units, blocks + IF(extra>=8, 1, 0), units) | J4: =IF(L4="Level 1", VLOOKUP(I4, UserCodes!E:F, 2, FALSE) * H4, IF(L4="Level 2", VLOOKUP(I4, UserCodes!E:F, 2, FALSE) * H4 * 0.8, 0)) | K4: Omar, Mohamed | L4: =VLOOKUP(K4, UserCodes!A:B, 2, FALSE)
A5: Abdi, Ahmed | B5: 46011 | C5: 10:00 AM - 02:02 PM | D5: 04:02 | E5: =HOUR(D5)+MINUTE(D5)/100 | F5: =ROUND(INT(E5) + (E5 - INT(E5)) * 100 / 60, 2) | G5: =E5*4 | H5: =LET(total, INT(E5)*60 + (E5-INT(E5))*100, blocks, QUOTIENT(total, 15), extra, MOD(total, 15), units, blocks + IF(extra>=8, 1, 0), units) | J5: =IF(L5="Level 1", VLOOKUP(I5, UserCodes!E:F, 2, FALSE) * H5, IF(L5="Level 2", VLOOKUP(I5, UserCodes!E:F, 2, FALSE) * H5 * 0.8, 0)) | K5: Omar, Mohamed | L5: =VLOOKUP(K5, UserCodes!A:B, 2, FALSE)
A6: Abdi, Ahmed | B6: 46010 | C6: 03:00 PM - 08:00 PM | D6: 05:00 | E6: =HOUR(D6)+MINUTE(D6)/100 | F6: =ROUND(INT(E6) + (E6 - INT(E6)) * 100 / 60, 2) | G6: =E6*4 | H6: =LET(total, INT(E6)*60 + (E6-INT(E6))*100, blocks, QUOTIENT(total, 15), extra, MOD(total, 15), units, blocks + IF(extra>=8, 1, 0), units) | J6: =IF(L6="Level 1", VLOOKUP(I6, UserCodes!E:F, 2, FALSE) * H6, IF(L6="Level 2", VLOOKUP(I6, UserCodes!E:F, 2, FALSE) * H6 * 0.8, 0)) | K6: Ibrahim, Ahmed | L6: =VLOOKUP(K6, UserCodes!A:B, 2, FALSE)
A7: Abdi, Ahmed | B7: 46009 | C7: 03:00 PM - 08:00 PM | D7: 05:00 | E7: =HOUR(D7)+MINUTE(D7)/100 | F7: =ROUND(INT(E7) + (E7 - INT(E7)) * 100 / 60, 2) | G7: =E7*4 | H7: =LET(total, INT(E7)*60 + (E7-INT(E7))*100, blocks, QUOTIENT(total, 15), extra, MOD(total, 15), units, blocks + IF(extra>=8, 1, 0), units) | J7: =IF(L7="Level 1", VLOOKUP(I7, UserCodes!E:F, 2, FALSE) * H7, IF(L7="Level 2", VLOOKUP(I7, UserCodes!E:F, 2, FALSE) * H7 * 0.8, 0)) | K7: Ibrahim, Ahmed | L7: =VLOOKUP(K7, UserCodes!A:B, 2, FALSE)
A8: Abdi, Ahmed | B8: 46009 | C8: 03:00 PM - 06:00 PM | D8: 03:00 | E8: =HOUR(D8)+MINUTE(D8)/100 | F8: =ROUND(INT(E8) + (E8 - INT(E8)) * 100 / 60, 2) | G8: =E8*4 | H8: =LET(total, INT(E8)*60 + (E8-INT(E8))*100, blocks, QUOTIENT(total, 15), extra, MOD(total, 15), units, blocks + IF(extra>=8, 1, 0), units) | J8: =IF(L8="Level 1", VLOOKUP(I8, UserCodes!E:F, 2, FALSE) * H8, IF(L8="Level 2", VLOOKUP(I8, UserCodes!E:F, 2, FALSE) * H8 * 0.8, 0)) | K8: Muse, Adna | L8: =VLOOKUP(K8, UserCodes!A:B, 2, FALSE)
A9: Abdi, Ahmed | B9: 46008 | C9: 05:00 PM - 08:00 PM | D9: 03:00 | E9: =HOUR(D9)+MINUTE(D9)/100 | F9: =ROUND(INT(E9) + (E9 - INT(E9)) * 100 / 60, 2) | G9: =E9*4 | H9: =LET(total, INT(E9)*60 + (E9-INT(E9))*100, blocks, QUOTIENT(total, 15), extra, MOD(total, 15), units, blocks + IF(extra>=8, 1, 0), units) | J9: =IF(L9="Level 1", VLOOKUP(I9, UserCodes!E:F, 2, FALSE) * H9, IF(L9="Level 2", VLOOKUP(I9, UserCodes!E:F, 2, FALSE) * H9 * 0.8, 0)) | K9: Muse, Adna | L9: =VLOOKUP(K9, UserCodes!A:B, 2, FALSE)
A10: Abdi, Ahmed | B10: 46008 | C10: 03:00 PM - 08:00 PM | D10: 05:00 | E10: =HOUR(D10)+MINUTE(D10)/100 | F10: =ROUND(INT(E10) + (E10 - INT(E10)) * 100 / 60, 2) | G10: =E10*4 | H10: =LET(total, INT(E10)*60 + (E10-INT(E10))*100, blocks, QUOTIENT(total, 15), extra, MOD(total, 15), units, blocks + IF(extra>=8, 1, 0), units) | J10: =IF(L10="Level 1", VLOOKUP(I10, UserCodes!E:F, 2, FALSE) * H10, IF(L10="Level 2", VLOOKUP(I10, UserCodes!E:F, 2, FALSE) * H10 * 0.8, 0)) | K10: Ibrahim, Ahmed | L10: =VLOOKUP(K10, UserCodes!A:B, 2, FALSE)
A11: Abdi, Ahmed | B11: 46007 | C11: 06:00 PM - 08:00 PM | D11: 02:00 | E11: =HOUR(D11)+MINUTE(D11)/100 | F11: =ROUND(INT(E11) + (E11 - INT(E11)) * 100 / 60, 2) | G11: =E11*4 | H11: =LET(total, INT(E11)*60 + (E11-INT(E11))*100, blocks, QUOTIENT(total, 15), extra, MOD(total, 15), units, blocks + IF(extra>=8, 1, 0), units) | J11: =IF(L11="Level 1", VLOOKUP(I11, UserCodes!E:F, 2, FALSE) * H11, IF(L11="Level 2", VLOOKUP(I11, UserCodes!E:F, 2, FALSE) * H11 * 0.8, 0)) | K11: Muse, Adna | L11: =VLOOKUP(K11, UserCodes!A:B, 2, FALSE)
A12: Abdi, Ahmed | B12: 46007 | C12: 02:15 PM - 08:00 PM | D12: 05:45 | E12: =HOUR(D12)+MINUTE(D12)/100 | F12: =ROUND(INT(E12) + (E12 - INT(E12)) * 100 / 60, 2) | G12: =E12*4 | H12: =LET(total, INT(E12)*60 + (E12-INT(E12))*100, blocks, QUOTIENT(total, 15), extra, MOD(total, 15), units, blocks + IF(extra>=8, 1, 0), units) | J12: =IF(L12="Level 1", VLOOKUP(I12, UserCodes!E:F, 2, FALSE) * H12, IF(L12="Level 2", VLOOKUP(I12, UserCodes!E:F, 2, FALSE) * H12 * 0.8, 0)) | K12: Mohamed, Samsam | L12: =VLOOKUP(K12, UserCodes!A:B, 2, FALSE)
A13: Abdi, Ahmed | B13: 46006 | C13: 03:00 PM - 06:00 PM | D13: 03:00 | E13: =HOUR(D13)+MINUTE(D13)/100 | F13: =ROUND(INT(E13) + (E13 - INT(E13)) * 100 / 60, 2) | G13: =E13*4 | H13: =LET(total, INT(E13)*60 + (E13-INT(E13))*100, blocks, QUOTIENT(total, 15), extra, MOD(total, 15), units, blocks + IF(extra>=8, 1, 0), units) | J13: =IF(L13="Level 1", VLOOKUP(I13, UserCodes!E:F, 2, FALSE) * H13, IF(L13="Level 2", VLOOKUP(I13, UserCodes!E:F, 2, FALSE) * H13 * 0.8, 0)) | K13: Mohamed, Madar | L13: =VLOOKUP(K13, UserCodes!A:B, 2, FALSE)
... A303: Yusuf, Khadija | B303: 46001 | C303: 01:00 PM - 05:30 PM | D303: 04:30 | E303: =HOUR(D303)+MINUTE(D303)/100 | F303: =ROUND(INT(E303) + (E303 - INT(E303)) * 100 / 60, 2) | G303: =E303*4 | H303: =LET(total, INT(E303)*60 + (E303-INT(E303))*100, blocks, QUOTIENT(total, 15), extra, MOD(total, 15), units, blocks + IF(extra>=8, 1, 0), units) | J303: =IF(L303="Level 1", VLOOKUP(I303, UserCodes!E:F, 2, FALSE) * H303, IF(L303="Level 2", VLOOKUP(I303, UserCodes!E:F, 2, FALSE) * H303 * 0.8, 0)) | K303: Ali, Naima | L303: =VLOOKUP(K303, UserCodes!A:B, 2, FALSE)

Sheet UserCodes
A1: User | B1: Level | C1: C | D1: D | E1: Code | F1: Price
A2: Abduallahi, Ikraan | B2: Level 2 | E2: 97151 | F2: 50.11
A3: Abdulle, Suweda | B3: Level 2 | E3: PM | F3: 94.8
A4: Abdulle, Zamzam | B4: Level 2 | E4: T1024 | F4: 112.67
A5: Abdurahman, Yasmin | B5: Level 2 | E5: 1/1 97153 | F5: 20.17
A6: Ahmed, Jama | B6: Level 1 | E6: 97154 | F6: 6.72
A7: ALI, AMIRA | B7: Level 2 | E7: 0373T | F7: 24.19
A8: Ali, Naima | B8: Level 2 | E8: O&D 97155 | F8: 20.17
A9: Ali, Nasteho | B9: Level 2 | E9: FT | F9: 20.17
A10: Barack, Sara | B10: Level 2 | E10: 97157 | F10: 6.72
A11: Barqab, Mushtaq | B11: Level 2 | E11: H0046 | F11: 0.52
A12: Bello, Hiqmat | B12: Level 1
A13: Hashi, Ridwan | B13: Level 2
A14: Jama, Sara | B14: Level 2
A15: Khalif, Muna | B15: Level 1
A16: Mohamed, Meymun | B16: Level 1
A17: Muse, Aaliya | B17: Level 2
A18: Muse, Adna | B18: Level 2
A19: Muse, Ayni | B19: Level 2
A20: Noor, Kamilo | B20: Level 1
A21: Omar, Saido | B21: Level 1
A22: Ran, Sameya | B22: Level 2
A23: Kounlavouth, Roselie | B23: Level 1
... A39: Ibrahim, Ahmed | B39: Level 1

Sheet Full Students
A1: Student | B1: Service Date | C1: Session Time | D1: Session Duration | E1: Hours | F1: Pay | G1: Units | H1: FNF | I1: Code | J1: Charged Amount | K1: User | L1: Level | M1: Note | N1: Unbilled notes | O1: Expiration Date
A2: Abdulkadir, Nadra | B2: 46001 | C2: 01:00 PM - 03:00 PM | D2: 02:00 | E2: =HOUR(D2)+MINUTE(D2)/100 | F2: =ROUND(INT(E2) + (E2 - INT(E2)) * 100 / 60, 2) | G2: =E2*4 | H2: =LET(total, INT(E2)*60 + (E2-INT(E2))*100, blocks, QUOTIENT(total, 15), extra, MOD(total, 15), units, blocks + IF(extra>=8, 1, 0), units) | I2: O&D 97155 | J2: =IF(L2="Level 1", VLOOKUP(I2, UserCodes!E:F, 2, FALSE) * H2, IF(L2="Level 2", VLOOKUP(I2, UserCodes!E:F, 2, FALSE) * H2 * 0.8, 0)) | K2: Mohamed, Madar | L2: =VLOOKUP(K2, UserCodes!A:B, 2, FALSE)
A3: Abdulkadir, Nadra | B3: 46001 | C3: 01:30 PM - 06:30 PM | D3: 05:00 | E3: =HOUR(D3)+MINUTE(D3)/100 | F3: =ROUND(INT(E3) + (E3 - INT(E3)) * 100 / 60, 2) | G3: =E3*4 | H3: =LET(total, INT(E3)*60 + (E3-INT(E3))*100, blocks, QUOTIENT(total, 15), extra, MOD(total, 15), units, blocks + IF(extra>=8, 1, 0), units) | I3: 1/1 97153 | J3: =IF(L3="Level 1", VLOOKUP(I3, UserCodes!E:F, 2, FALSE) * H3, IF(L3="Level 2", VLOOKUP(I3, UserCodes!E:F, 2, FALSE) * H3 * 0.8, 0)) | K3: ALI, AMIRA | L3: =VLOOKUP(K3, UserCodes!A:B, 2, FALSE)
A4: Abdulkadir, Nadra | B4: 46001 | C4: 01:30 PM - 03:50 PM | D4: 02:20 | E4: =HOUR(D4)+MINUTE(D4)/100 | F4: =ROUND(INT(E4) + (E4 - INT(E4)) * 100 / 60, 2) | G4: =E4*4 | H4: =LET(total, INT(E4)*60 + (E4-INT(E4))*100, blocks, QUOTIENT(total, 15), extra, MOD(total, 15), units, blocks + IF(extra>=8, 1, 0), units) | J4: =IF(L4="Level 1", VLOOKUP(I4, UserCodes!E:F, 2, FALSE) * H4, IF(L4="Level 2", VLOOKUP(I4, UserCodes!E:F, 2, FALSE) * H4 * 0.8, 0)) | K4: Ahmed, Jama | L4: =VLOOKUP(K4, UserCodes!A:B, 2, FALSE) | M4: No schedule
A5: Abdulkadir, Nadra | B5: 46001 | C5: 01:30 PM - 05:00 PM | D5: 03:30 | E5: =HOUR(D5)+MINUTE(D5)/100 | F5: =ROUND(INT(E5) + (E5 - INT(E5)) * 100 / 60, 2) | G5: =E5*4 | H5: =LET(total, INT(E5)*60 + (E5-INT(E5))*100, blocks, QUOTIENT(total, 15), extra, MOD(total, 15), units, blocks + IF(extra>=8, 1, 0), units) | I5: O&D 97155 | J5: =IF(L5="Level 1", VLOOKUP(I5, UserCodes!E:F, 2, FALSE) * H5, IF(L5="Level 2", VLOOKUP(I5, UserCodes!E:F, 2, FALSE) * H5 * 0.8, 0)) | K5: Mohamed, Madar | L5: =VLOOKUP(K5, UserCodes!A:B, 2, FALSE)
A6: Yusuf, Khadija | B6: 46001 | C6: 01:00 PM - 05:30 PM | D6: 04:30 | E6: =HOUR(D6)+MINUTE(D6)/100 | F6: =ROUND(INT(E6) + (E6 - INT(E6)) * 100 / 60, 2) | G6: =E6*4 | H6: =LET(total, INT(E6)*60 + (E6-INT(E6))*100, blocks, QUOTIENT(total, 15), extra, MOD(total, 15), units, blocks + IF(extra>=8, 1, 0), units) | I6: 1/1 97153 | J6: =IF(L6="Level 1", VLOOKUP(I6, UserCodes!E:F, 2, FALSE) * H6, IF(L6="Level 2", VLOOKUP(I6, UserCodes!E:F, 2, FALSE) * H6 * 0.8, 0)) | K6: Ali, Naima | L6: =VLOOKUP(K6, UserCodes!A:B, 2, FALSE)
A7: Kadir, Hamdi | B7: 46001 | C7: 02:00 PM - 05:00 PM | D7: 03:00 | E7: =HOUR(D7)+MINUTE(D7)/100 | F7: =ROUND(INT(E7) + (E7 - INT(E7)) * 100 / 60, 2) | G7: =E7*4 | H7: =LET(total, INT(E7)*60 + (E7-INT(E7))*100, blocks, QUOTIENT(total, 15), extra, MOD(total, 15), units, blocks + IF(extra>=8, 1, 0), units) | I7: 1/1 97153 | J7: =IF(L7="Level 1", VLOOKUP(I7, UserCodes!E:F, 2, FALSE) * H7, IF(L7="Level 2", VLOOKUP(I7, UserCodes!E:F, 2, FALSE) * H7 * 0.8, 0)) | K7: Hashi, Ridwan | L7: =VLOOKUP(K7, UserCodes!A:B, 2, FALSE)
A8: Mohamed, Sumaya | B8: 46001 | C8: 12:30 PM - 03:30 PM | D8: 03:00 | E8: =HOUR(D8)+MINUTE(D8)/100 | F8: =ROUND(INT(E8) + (E8 - INT(E8)) * 100 / 60, 2) | G8: =E8*4 | H8: =LET(total, INT(E8)*60 + (E8-INT(E8))*100, blocks, QUOTIENT(total, 15), extra, MOD(total, 15), units, blocks + IF(extra>=8, 1, 0), units) | I8: 1/1 97153 | J8: =IF(L8="Level 1", VLOOKUP(I8, UserCodes!E:F, 2, FALSE) * H8, IF(L8="Level 2", VLOOKUP(I8, UserCodes!E:F, 2, FALSE) * H8 * 0.8, 0)) | K8: Muse, Adna | L8: =VLOOKUP(K8, UserCodes!A:B, 2, FALSE)
A9: Kadir, Hamdi | B9: 46001 | C9: 03:30 PM - 05:00 PM | D9: 01:30 | E9: =HOUR(D9)+MINUTE(D9)/100 | F9: =ROUND(INT(E9) + (E9 - INT(E9)) * 100 / 60, 2) | G9: =E9*4 | H9: =LET(total, INT(E9)*60 + (E9-INT(E9))*100, blocks, QUOTIENT(total, 15), extra, MOD(total, 15), units, blocks + IF(extra>=8, 1, 0), units) | I9: O&D 97155 | J9: =IF(L9="Level 1", VLOOKUP(I9, UserCodes!E:F, 2, FALSE) * H9, IF(L9="Level 2", VLOOKUP(I9, UserCodes!E:F, 2, FALSE) * H9 * 0.8, 0)) | K9: Muse, Adna | L9: =VLOOKUP(K9, UserCodes!A:B, 2, FALSE)
A10: Yusuf, Khadija | B10: 46001 | C10: 01:00 PM - 04:00 PM | D10: 03:00 | E10: =HOUR(D10)+MINUTE(D10)/100 | F10: =ROUND(INT(E10) + (E10 - INT(E10)) * 100 / 60, 2) | G10: =E10*4 | H10: =LET(total, INT(E10)*60 + (E10-INT(E10))*100, blocks, QUOTIENT(total, 15), extra, MOD(total, 15), units, blocks + IF(extra>=8, 1, 0), units) | I10: O&D 97155 | J10: =IF(L10="Level 1", VLOOKUP(I10, UserCodes!E:F, 2, FALSE) * H10, IF(L10="Level 2", VLOOKUP(I10, UserCodes!E:F, 2, FALSE) * H10 * 0.8, 0)) | K10: Muse, Ayni | L10: =VLOOKUP(K10, UserCodes!A:B, 2, FALSE)
A11: Yusuf 2, Khadra | B11: 46001 | C11: 01:00 PM - 05:30 PM | D11: 04:30 | E11: =HOUR(D11)+MINUTE(D11)/100 | F11: =ROUND(INT(E11) + (E11 - INT(E11)) * 100 / 60, 2) | G11: =E11*4 | H11: =LET(total, INT(E11)*60 + (E11-INT(E11))*100, blocks, QUOTIENT(total, 15), extra, MOD(total, 15), units, blocks + IF(extra>=8, 1, 0), units) | I11: 1/1 97153 | J11: =IF(L11="Level 1", VLOOKUP(I11, UserCodes!E:F, 2, FALSE) * H11, IF(L11="Level 2", VLOOKUP(I11, UserCodes!E:F, 2, FALSE) * H11 * 0.8, 0)) | K11: Noor, Kamilo | L11: =VLOOKUP(K11, UserCodes!A:B, 2, FALSE)
A12: Abdi, Samira | B12: 46001 | C12: 10:00 AM - 12:30 PM | D12: 02:30 | E12: =HOUR(D12)+MINUTE(D12)/100 | F12: =ROUND(INT(E12) + (E12 - INT(E12)) * 100 / 60, 2) | G12: =E12*4 | H12: =LET(total, INT(E12)*60 + (E12-INT(E12))*100, blocks, QUOTIENT(total, 15), extra, MOD(total, 15), units, blocks + IF(extra>=8, 1, 0), units) | J12: =IF(L12="Level 1", VLOOKUP(I12, UserCodes!E:F, 2, FALSE) * H12, IF(L12="Level 2", VLOOKUP(I12, UserCodes!E:F, 2, FALSE) * H12 * 0.8, 0)) | K12: Ahmed, Jama | L12: =VLOOKUP(K12, UserCodes!A:B, 2, FALSE) | M12: No schedule
A13: Mohamed, Sumaya | B13: 46001 | C13: 12:30 PM - 03:30 PM | D13: 03:00 | E13: =HOUR(D13)+MINUTE(D13)/100 | F13: =ROUND(INT(E13) + (E13 - INT(E13)) * 100 / 60, 2) | G13: =E13*4 | H13: =LET(total, INT(E13)*60 + (E13-INT(E13))*100, blocks, QUOTIENT(total, 15), extra, MOD(total, 15), units, blocks + IF(extra>=8, 1, 0), units) | I13: O&D 97155 | J13: =IF(L13="Level 1", VLOOKUP(I13, UserCodes!E:F, 2, FALSE) * H13, IF(L13="Level 2", VLOOKUP(I13, UserCodes!E:F, 2, FALSE) * H13 * 0.8, 0)) | K13: Muse, Aaliya | L13: =VLOOKUP(K13, UserCodes!A:B, 2, FALSE)
A14: Abdi, Mohamed | B14: 46002 | C14: 03:00 PM - 08:00 PM | D14: 05:00 | E14: =HOUR(D14)+MINUTE(D14)/100 | F14: =ROUND(INT(E14) + (E14 - INT(E14)) * 100 / 60, 2) | G14: =E14*4 | H14: =LET(total, INT(E14)*60 + (E14-INT(E14))*100, blocks, QUOTIENT(total, 15), extra, MOD(total, 15), units, blocks + IF(extra>=8, 1, 0), units) | I14: 1/1 97153 | J14: =IF(L14="Level 1", VLOOKUP(I14, UserCodes!E:F, 2, FALSE) * H14, IF(L14="Level 2", VLOOKUP(I14, UserCodes!E:F, 2, FALSE) * H14 * 0.8, 0)) | K14: Omar, Mohamed | L14: =VLOOKUP(K14, UserCodes!A:B, 2, FALSE)
A15: Abdi, Mohamed | B15: 46002 | C15: 04:00 PM - 07:00 PM | D15: 03:00 | E15: =HOUR(D15)+MINUTE(D15)/100 | F15: =ROUND(INT(E15) + (E15 - INT(E15)) * 100 / 60, 2) | G15: =E15*4 | H15: =LET(total, INT(E15)*60 + (E15-INT(E15))*100, blocks, QUOTIENT(total, 15), extra, MOD(total, 15), units, blocks + IF(extra>=8, 1, 0), units) | I15: O&D 97155 | J15: =IF(L15="Level 1", VLOOKUP(I15, UserCodes!E:F, 2, FALSE) * H15, IF(L15="Level 2", VLOOKUP(I15, UserCodes!E:F, 2, FALSE) * H15 * 0.8, 0)) | K15: Hawadle, Abdiaziz | L15: =VLOOKUP(K15, UserCodes!A:B, 2, FALSE)
A16: Abdulkadir, Nadra | B16: 46002 | C16: 01:30 PM - 06:30 PM | D16: 05:00 | E16: =HOUR(D16)+MINUTE(D16)/100 | F16: =ROUND(INT(E16) + (E16 - INT(E16)) * 100 / 60, 2) | G16: =E16*4 | H16: =LET(total, INT(E16)*60 + (E16-INT(E16))*100, blocks, QUOTIENT(total, 15), extra, MOD(total, 15), units, blocks + IF(extra>=8, 1, 0), units) | I16: 1/1 97153 | J16: =IF(L16="Level 1", VLOOKUP(I16, UserCodes!E:F, 2, FALSE) * H16, IF(L16="Level 2", VLOOKUP(I16, UserCodes!E:F, 2, FALSE) * H16 * 0.8, 0)) | K16: Ali, Nasteho | L16: =VLOOKUP(K16, UserCodes!A:B, 2, FALSE)
A17: Yusuf, Khadija | B17: 46002 | C17: 01:00 PM - 06:00 PM | D17: 05:00 | E17: =HOUR(D17)+MINUTE(D17)/100 | F17: =ROUND(INT(E17) + (E17 - INT(E17)) * 100 / 60, 2) | G17: =E17*4 | H17: =LET(total, INT(E17)*60 + (E17-INT(E17))*100, blocks, QUOTIENT(total, 15), extra, MOD(total, 15), units, blocks + IF(extra>=8, 1, 0), units) | I17: 1/1 97153 | J17: =IF(L17="Level 1", VLOOKUP(I17, UserCodes!E:F, 2, FALSE) * H17, IF(L17="Level 2", VLOOKUP(I17, UserCodes!E:F, 2, FALSE) * H17 * 0.8, 0)) | K17: Ran, Sameya | L17: =VLOOKUP(K17, UserCodes!A:B, 2, FALSE)
A18: Abdi, Samira | B18: 46002 | C18: 06:30 PM - 08:00 PM | D18: 01:30 | E18: =HOUR(D18)+MINUTE(D18)/100 | F18: =ROUND(INT(E18) + (E18 - INT(E18)) * 100 / 60, 2) | G18: =E18*4 | H18: =LET(total, INT(E18)*60 + (E18-INT(E18))*100, blocks, QUOTIENT(total, 15), extra, MOD(total, 15), units, blocks + IF(extra>=8, 1, 0), units) | I18: O&D 97155 | J18: =IF(L18="Level 1", VLOOKUP(I18, UserCodes!E:F, 2, FALSE) * H18, IF(L18="Level 2", VLOOKUP(I18, UserCodes!E:F, 2, FALSE) * H18 * 0.8, 0)) | K18: Ali, Nasteho | L18: =VLOOKUP(K18, UserCodes!A:B, 2, FALSE)
A19: Abdi, Salman | B19: 46002 | C19: 03:15 PM - 08:00 PM | D19: 04:45 | E19: =HOUR(D19)+MINUTE(D19)/100 | F19: =ROUND(INT(E19) + (E19 - INT(E19)) * 100 / 60, 2) | G19: =E19*4 | H19: =LET(total, INT(E19)*60 + (E19-INT(E19))*100, blocks, QUOTIENT(total, 15), extra, MOD(total, 15), units, blocks + IF(extra>=8, 1, 0), units) | I19: 1/1 97153 | J19: =IF(L19="Level 1", VLOOKUP(I19, UserCodes!E:F, 2, FALSE) * H19, IF(L19="Level 2", VLOOKUP(I19, UserCodes!E:F, 2, FALSE) * H19 * 0.8, 0)) | K19: Mohamed, Mohamed | L19: =VLOOKUP(K19, UserCodes!A:B, 2, FALSE)
A20: Abdullahi, Abdirahman | B20: 46002 | C20: 01:00 PM - 04:00 PM | D20: 03:00 | E20: =HOUR(D20)+MINUTE(D20)/100 | F20: =ROUND(INT(E20) + (E20 - INT(E20)) * 100 / 60, 2) | G20: =E20*4 | H20: =LET(total, INT(E20)*60 + (E20-INT(E20))*100, blocks, QUOTIENT(total, 15), extra, MOD(total, 15), units, blocks + IF(extra>=8, 1, 0), units) | I20: O&D 97155 | J20: =IF(L20="Level 1", VLOOKUP(I20, UserCodes!E:F, 2, FALSE) * H20, IF(L20="Level 2", VLOOKUP(I20, UserCodes!E:F, 2, FALSE) * H20 * 0.8, 0)) | K20: Hawadle, Abdiaziz | L20: =VLOOKUP(K20, UserCodes!A:B, 2, FALSE)
A21: Abdullahi, Abdirahman | B21: 46002 | C21: 01:00 PM - 05:00 PM | D21: 04:00 | E21: =HOUR(D21)+MINUTE(D21)/100 | F21: =ROUND(INT(E21) + (E21 - INT(E21)) * 100 / 60, 2) | G21: =E21*4 | H21: =LET(total, INT(E21)*60 + (E21-INT(E21))*100, blocks, QUOTIENT(total, 15), extra, MOD(total, 15), units, blocks + IF(extra>=8, 1, 0), units) | I21: 1/1 97153 | J21: =IF(L21="Level 1", VLOOKUP(I21, UserCodes!E:F, 2, FALSE) * H21, IF(L21="Level 2", VLOOKUP(I21, UserCodes!E:F, 2, FALSE) * H21 * 0.8, 0)) | K21: ALI, AMIRA | L21: =VLOOKUP(K21, UserCodes!A:B, 2, FALSE)
A22: Abdullahi, Abdirahman | B22: 46002 | C22: 09:30 AM - 11:45 AM | D22: 02:15 | E22: =HOUR(D22)+MINUTE(D22)/100 | F22: =ROUND(INT(E22) + (E22 - INT(E22)) * 100 / 60, 2) | G22: =E22*4 | H22: =LET(total, INT(E22)*60 + (E22-INT(E22))*100, blocks, QUOTIENT(total, 15), extra, MOD(total, 15), units, blocks + IF(extra>=8, 1, 0), units) | J22: =IF(L22="Level 1", VLOOKUP(I22, UserCodes!E:F, 2, FALSE) * H22, IF(L22="Level 2", VLOOKUP(I22, UserCodes!E:F, 2, FALSE) * H22 * 0.8, 0)) | K22: Ahmed, Jama | L22: =VLOOKUP(K22, UserCodes!A:B, 2, FALSE) | M22: No schedule
A23: Abdi, Salman | B23: 46002 | C23: 04:30 PM - 06:30 PM | D23: 02:00 | E23: =HOUR(D23)+MINUTE(D23)/100 | F23: =ROUND(INT(E23) + (E23 - INT(E23)) * 100 / 60, 2) | G23: =E23*4 | H23: =LET(total, INT(E23)*60 + (E23-INT(E23))*100, blocks, QUOTIENT(total, 15), extra, MOD(total, 15), units, blocks + IF(extra>=8, 1, 0), units) | I23: O&D 97155 | J23: =IF(L23="Level 1", VLOOKUP(I23, UserCodes!E:F, 2, FALSE) * H23, IF(L23="Level 2", VLOOKUP(I23, UserCodes!E:F, 2, FALSE) * H23 * 0.8, 0)) | K23: Mohamed, Madar | L23: =VLOOKUP(K23, UserCodes!A:B, 2, FALSE)
A24: Ali, Saami | B24: 46002 | C24: 05:00 PM - 08:00 PM | D24: 03:00 | E24: =HOUR(D24)+MINUTE(D24)/100 | F24: =ROUND(INT(E24) + (E24 - INT(E24)) * 100 / 60, 2) | G24: =E24*4 | H24: =LET(total, INT(E24)*60 + (E24-INT(E24))*100, blocks, QUOTIENT(total, 15), extra, MOD(total, 15), units, blocks + IF(extra>=8, 1, 0), units) | I24: O&D 97155 | J24: =IF(L24="Level 1", VLOOKUP(I24, UserCodes!E:F, 2, FALSE) * H24, IF(L24="Level 2", VLOOKUP(I24, UserCodes!E:F, 2, FALSE) * H24 * 0.8, 0)) | K24: Ibrahim, Ahmed | L24: =VLOOKUP(K24, UserCodes!A:B, 2, FALSE)
A25: Abdi, Safia | B25: 46002 | C25: 05:00 PM - 08:00 PM | D25: 03:00 | E25: =HOUR(D25)+MINUTE(D25)/100 | F25: =ROUND(INT(E25) + (E25 - INT(E25)) * 100 / 60, 2) | G25: =E25*4 | H25: =LET(total, INT(E25)*60 + (E25-INT(E25))*100, blocks, QUOTIENT(total, 15), extra, MOD(total, 15), units, blocks + IF(extra>=8, 1, 0), units) | I25: O&D 97155 | J25: =IF(L25="Level 1", VLOOKUP(I25, UserCodes!E:F, 2, FALSE) * H25, IF(L25="Level 2", VLOOKUP(I25, UserCodes!E:F, 2, FALSE) * H25 * 0.8, 0)) | K25: Muse, Adna | L25: =VLOOKUP(K25, UserCodes!A:B, 2, FALSE)
A26: Abdulkadir, Nadra | B26: 46002 | C26: 11:30am - 02:30pm | E26: =HOUR(D26)+MINUTE(D26)/100 | F26: =ROUND(INT(E26) + (E26 - INT(E26)) * 100 / 60, 2) | G26: =E26*4 | H26: =LET(total, INT(E26)*60 + (E26-INT(E26))*100, blocks, QUOTIENT(total, 15), extra, MOD(total, 15), units, blocks + IF(extra>=8, 1, 0), units) | I26: O&D 97155 | J26: =IF(L26="Level 1", VLOOKUP(I26, UserCodes!E:F, 2, FALSE) * H26, IF(L26="Level 2", VLOOKUP(I26, UserCodes!E:F, 2, FALSE) * H26 * 0.8, 0)) | K26: mohamed, Madar | L26: =VLOOKUP(K26, UserCodes!A:B, 2, FALSE) | M26: No note
A27: Yusuf 2, Khadra | B27: 46002 | C27: 01:00 PM - 03:00 PM | D27: 02:00 | E27: =HOUR(D27)+MINUTE(D27)/100 | F27: =ROUND(INT(E27) + (E27 - INT(E27)) * 100 / 60, 2) | G27: =E27*4 | H27: =LET(total, INT(E27)*60 + (E27-INT(E27))*100, blocks, QUOTIENT(total, 15), extra, MOD(total, 15), units, blocks + IF(extra>=8, 1, 0), units) | I27: O&D 97155 | J27: =IF(L27="Level 1", VLOOKUP(I27, UserCodes!E:F, 2, FALSE) * H27, IF(L27="Level 2", VLOOKUP(I27, UserCodes!E:F, 2, FALSE) * H27 * 0.8, 0)) | K27: Muse, Ayni | L27: =VLOOKUP(K27, UserCodes!A:B, 2, FALSE)
A28: Yusuf 2, Khadra | B28: 46002 | C28: 01:00 PM - 06:00 PM | D28: 05:00 | E28: =HOUR(D28)+MINUTE(D28)/100 | F28: =ROUND(INT(E28) + (E28 - INT(E28)) * 100 / 60, 2) | G28: =E28*4 | H28: =LET(total, INT(E28)*60 + (E28-INT(E28))*100, blocks, QUOTIENT(total, 15), extra, MOD(total, 15), units, blocks + IF(extra>=8, 1, 0), units) | I28: 1/1 97153 | J28: =IF(L28="Level 1", VLOOKUP(I28, UserCodes!E:F, 2, FALSE) * H28, IF(L28="Level 2", VLOOKUP(I28, UserCodes!E:F, 2, FALSE) * H28 * 0.8, 0)) | K28: Hashi, Ridwan | L28: =VLOOKUP(K28, UserCodes!A:B, 2, FALSE)
A29: Sulub, Sharmake | B29: 46002 | C29: 04:00 PM - 08:00 PM | D29: 04:00 | E29: =HOUR(D29)+MINUTE(D29)/100 | F29: =ROUND(INT(E29) + (E29 - INT(E29)) * 100 / 60, 2) | G29: =E29*4 | H29: =LET(total, INT(E29)*60 + (E29-INT(E29))*100, blocks, QUOTIENT(total, 15), extra, MOD(total, 15), units, blocks + IF(extra>=8, 1, 0), units) | I29: 1/1 97153 | J29: =IF(L29="Level 1", VLOOKUP(I29, UserCodes!E:F, 2, FALSE) * H29, IF(L29="Level 2", VLOOKUP(I29, UserCodes!E:F, 2, FALSE) * H29 * 0.8, 0)) | K29: Osman, Basra | L29: =VLOOKUP(K29, UserCodes!A:B, 2, FALSE)
A30: Kadir, Hamdi | B30: 46002 | C30: 02:00 PM - 08:00 PM | D30: 06:00 | E30: =HOUR(D30)+MINUTE(D30)/100 | F30: =ROUND(INT(E30) + (E30 - INT(E30)) * 100 / 60, 2) | G30: =E30*4 | H30: =LET(total, INT(E30)*60 + (E30-INT(E30))*100, blocks, QUOTIENT(total, 15), extra, MOD(total, 15), units, blocks + IF(extra>=8, 1, 0), units) | I30: 1/1 97153 | J30: =IF(L30="Level 1", VLOOKUP(I30, UserCodes!E:F, 2, FALSE) * H30, IF(L30="Level 2", VLOOKUP(I30, UserCodes!E:F, 2, FALSE) * H30 * 0.8, 0)) | K30: Mohamed, Samsam | L30: =VLOOKUP(K30, UserCodes!A:B, 2, FALSE)
A31: Kadir, Hamdi | B31: 46002 | C31: 02:00 PM - 05:00 PM | D31: 03:00 | E31: =HOUR(D31)+MINUTE(D31)/100 | F31: =ROUND(INT(E31) + (E31 - INT(E31)) * 100 / 60, 2) | G31: =E31*4 | H31: =LET(total, INT(E31)*60 + (E31-INT(E31))*100, blocks, QUOTIENT(total, 15), extra, MOD(total, 15), units, blocks + IF(extra>=8, 1, 0), units) | I31: O&D 97155 | J31: =IF(L31="Level 1", VLOOKUP(I31, UserCodes!E:F, 2, FALSE) * H31, IF(L31="Level 2", VLOOKUP(I31, UserCodes!E:F, 2, FALSE) * H31 * 0.8, 0)) | K31: Muse, Adna | L31: =VLOOKUP(K31, UserCodes!A:B, 2, FALSE)
A32: Abdi, Safia | B32: 46002 | C32: 03:00 PM - 08:00 PM | D32: 05:00 | E32: =HOUR(D32)+MINUTE(D32)/100 | F32: =ROUND(INT(E32) + (E32 - INT(E32)) * 100 / 60, 2) | G32: =E32*4 | H32: =LET(total, INT(E32)*60 + (E32-INT(E32))*100, blocks, QUOTIENT(total, 15), extra, MOD(total, 15), units, blocks + IF(extra>=8, 1, 0), units) | I32: 1/1 97153 | J32: =IF(L32="Level 1", VLOOKUP(I32, UserCodes!E:F, 2, FALSE) * H32, IF(L32="Level 2", VLOOKUP(I32, UserCodes!E:F, 2, FALSE) * H32 * 0.8, 0)) | K32: Muse, Ayni | L32: =VLOOKUP(K32, UserCodes!A:B, 2, FALSE)
A33: Abdi, Samira | B33: 46002 | C33: 05:00 PM - 06:00 PM | D33: 01:00 | E33: =HOUR(D33)+MINUTE(D33)/100 | F33: =ROUND(INT(E33) + (E33 - INT(E33)) * 100 / 60, 2) | G33: =E33*4 | H33: =LET(total, INT(E33)*60 + (E33-INT(E33))*100, blocks, QUOTIENT(total, 15), extra, MOD(total, 15), units, blocks + IF(extra>=8, 1, 0), units) | J33: =IF(L33="Level 1", VLOOKUP(I33, UserCodes!E:F, 2, FALSE) * H33, IF(L33="Level 2", VLOOKUP(I33, UserCodes!E:F, 2, FALSE) * H33 * 0.8, 0)) | K33: El-Tay, Dr. Ismael | L33: =VLOOKUP(K33, UserCodes!A:B, 2, FALSE) | M33: No schedule
A34: Yusuf, Khadija | B34: 46002 | C34: 01:00 PM - 04:00 PM | D34: 03:00 | E34: =HOUR(D34)+MINUTE(D34)/100 | F34: =ROUND(INT(E34) + (E34 - INT(E34)) * 100 / 60, 2) | G34: =E34*4 | H34: =LET(total, INT(E34)*60 + (E34-INT(E34))*100, blocks, QUOTIENT(total, 15), extra, MOD(total, 15), units, blocks + IF(extra>=8, 1, 0), units) | I34: 1/1 97153 | J34: =IF(L34="Level 1", VLOOKUP(I34, UserCodes!E:F, 2, FALSE) * H34, IF(L34="Level 2", VLOOKUP(I34, UserCodes!E:F, 2, FALSE) * H34 * 0.8, 0)) | K34: Noor, Kamilo | L34: =VLOOKUP(K34, UserCodes!A:B, 2, FALSE)
A35: Jama, Khadija | B35: 46002 | C35: 04:30 PM - 08:00 PM | D35: 03:30 | E35: =HOUR(D35)+MINUTE(D35)/100 | F35: =ROUND(INT(E35) + (E35 - INT(E35)) * 100 / 60, 2) | G35: =E35*4 | H35: =LET(total, INT(E35)*60 + (E35-INT(E35))*100, blocks, QUOTIENT(total, 15), extra, MOD(total, 15), units, blocks + IF(extra>=8, 1, 0), units) | I35: 1/1 97153 | J35: =IF(L35="Level 1", VLOOKUP(I35, UserCodes!E:F, 2, FALSE) * H35, IF(L35="Level 2", VLOOKUP(I35, UserCodes!E:F, 2, FALSE) * H35 * 0.8, 0)) | K35: Noor, Kamilo | L35: =VLOOKUP(K35, UserCodes!A:B, 2, FALSE)
A36: Ali, Saami | B36: 46002 | C36: 03:50 PM - 08:00 PM | D36: 04:10 | E36: =HOUR(D36)+MINUTE(D36)/100 | F36: =ROUND(INT(E36) + (E36 - INT(E36)) * 100 / 60, 2) | G36: =E36*4 | H36: =LET(total, INT(E36)*60 + (E36-INT(E36))*100, blocks, QUOTIENT(total, 15), extra, MOD(total, 15), units, blocks + IF(extra>=8, 1, 0), units) | I36: 1/1 97153 | J36: =IF(L36="Level 1", VLOOKUP(I36, UserCodes!E:F, 2, FALSE) * H36, IF(L36="Level 2", VLOOKUP(I36, UserCodes!E:F, 2, FALSE) * H36 * 0.8, 0)) | K36: Muse, Aaliya | L36: =VLOOKUP(K36, UserCodes!A:B, 2, FALSE)
A37: Abdi, Samira | B37: 46002 | C37: 04:00 PM - 08:00 PM | D37: 04:00 | E37: =HOUR(D37)+MINUTE(D37)/100 | F37: =ROUND(INT(E37) + (E37 - INT(E37)) * 100 / 60, 2) | G37: =E37*4 | H37: =LET(total, INT(E37)*60 + (E37-INT(E37))*100, blocks, QUOTIENT(total, 15), extra, MOD(total, 15), units, blocks + IF(extra>=8, 1, 0), units) | I37: 1/1 97153 | J37: =IF(L37="Level 1", VLOOKUP(I37, UserCodes!E:F, 2, FALSE) * H37, IF(L37="Level 2", VLOOKUP(I37, UserCodes!E:F, 2, FALSE) * H37 * 0.8, 0)) | K37: Muse, Nawaal | L37: =VLOOKUP(K37, UserCodes!A:B, 2, FALSE)
A38: Abdi, Safia | B38: 46002 | C38: 01:28 PM - 03:50 PM | D38: 02:22 | E38: =HOUR(D38)+MINUTE(D38)/100 | F38: =ROUND(INT(E38) + (E38 - INT(E38)) * 100 / 60, 2) | G38: =E38*4 | H38: =LET(total, INT(E38)*60 + (E38-INT(E38))*100, blocks, QUOTIENT(total, 15), extra, MOD(total, 15), units, blocks + IF(extra>=8, 1, 0), units) | J38: =IF(L38="Level 1", VLOOKUP(I38, UserCodes!E:F, 2, FALSE) * H38, IF(L38="Level 2", VLOOKUP(I38, UserCodes!E:F, 2, FALSE) * H38 * 0.8, 0)) | K38: Ahmed, Jama | L38: =VLOOKUP(K38, UserCodes!A:B, 2, FALSE) | M38: No schedule
A39: Yusuf, Khadija | B39: 46003 | C39: 02:00 PM - 05:00 PM | D39: 03:00 | E39: =HOUR(D39)+MINUTE(D39)/100 | F39: =ROUND(INT(E39) + (E39 - INT(E39)) * 100 / 60, 2) | G39: =E39*4 | H39: =LET(total, INT(E39)*60 + (E39-INT(E39))*100, blocks, QUOTIENT(total, 15), extra, MOD(total, 15), units, blocks + IF(extra>=8, 1, 0), units) | I39: O&D 97155 | J39: =IF(L39="Level 1", VLOOKUP(I39, UserCodes!E:F, 2, FALSE) * H39, IF(L39="Level 2", VLOOKUP(I39, UserCodes!E:F, 2, FALSE) * H39 * 0.8, 0)) | K39: Noor, Kamilo | L39: =VLOOKUP(K39, UserCodes!A:B, 2, FALSE)
A40: Abdi, Samira | B40: 46003 | C40: 04:00 PM - 08:00 PM | D40: 04:00 | E40: =HOUR(D40)+MINUTE(D40)/100 | F40: =ROUND(INT(E40) + (E40 - INT(E40)) * 100 / 60, 2) | G40: =E40*4 | H40: =LET(total, INT(E40)*60 + (E40-INT(E40))*100, blocks, QUOTIENT(total, 15), extra, MOD(total, 15), units, blocks + IF(extra>=8, 1, 0), units) | I40: 1/1 97153 | J40: =IF(L40="Level 1", VLOOKUP(I40, UserCodes!E:F, 2, FALSE) * H40, IF(L40="Level 2", VLOOKUP(I40, UserCodes!E:F, 2, FALSE) * H40 * 0.8, 0)) | K40: Muse, Ayni | L40: =VLOOKUP(K40, UserCodes!A:B, 2, FALSE)
A41: Abdi, Samira | B41: 46003 | C41: 09:00 AM - 11:30 AM | D41: 02:30 | E41: =HOUR(D41)+MINUTE(D41)/100 | F41: =ROUND(INT(E41) + (E41 - INT(E41)) * 100 / 60, 2) | G41: =E41*4 | H41: =LET(total, INT(E41)*60 + (E41-INT(E41))*100, blocks, QUOTIENT(total, 15), extra, MOD(total, 15), units, blocks + IF(extra>=8, 1, 0), units) | J41: =IF(L41="Level 1", VLOOKUP(I41, UserCodes!E:F, 2, FALSE) * H41, IF(L41="Level 2", VLOOKUP(I41, UserCodes!E:F, 2, FALSE) * H41 * 0.8, 0)) | K41: Ahmed, Jama | L41: =VLOOKUP(K41, UserCodes!A:B, 2, FALSE) | M41: No schedule
A42: Abdi, Safia | B42: 46003 | C42: 03:30 PM - 06:15 PM | D42: 02:45 | E42: =HOUR(D42)+MINUTE(D42)/100 | F42: =ROUND(INT(E42) + (E42 - INT(E42)) * 100 / 60, 2) | G42: =E42*4 | H42: =LET(total, INT(E42)*60 + (E42-INT(E42))*100, blocks, QUOTIENT(total, 15), extra, MOD(total, 15), units, blocks + IF(extra>=8, 1, 0), units) | I42: O&D 97155 | J42: =IF(L42="Level 1", VLOOKUP(I42, UserCodes!E:F, 2, FALSE) * H42, IF(L42="Level 2", VLOOKUP(I42, UserCodes!E:F, 2, FALSE) * H42 * 0.8, 0)) | K42: Muse, Adna | L42: =VLOOKUP(K42, UserCodes!A:B, 2, FALSE)
A43: Yusuf, Khadija | B43: 46003 | C43: 01:00 PM - 06:00 PM | D43: 05:00 | E43: =HOUR(D43)+MINUTE(D43)/100 | F43: =ROUND(INT(E43) + (E43 - INT(E43)) * 100 / 60, 2) | G43: =E43*4 | H43: =LET(total, INT(E43)*60 + (E43-INT(E43))*100, blocks, QUOTIENT(total, 15), extra, MOD(total, 15), units, blocks + IF(extra>=8, 1, 0), units) | I43: 1/1 97153 | J43: =IF(L43="Level 1", VLOOKUP(I43, UserCodes!E:F, 2, FALSE) * H43, IF(L43="Level 2", VLOOKUP(I43, UserCodes!E:F, 2, FALSE) * H43 * 0.8, 0)) | K43: Hashi, Ridwan | L43: =VLOOKUP(K43, UserCodes!A:B, 2, FALSE)
A44: Abdi, Salman | B44: 46003 | C44: 03:15 PM - 08:00 PM | D44: 04:45 | E44: =HOUR(D44)+MINUTE(D44)/100 | F44: =ROUND(INT(E44) + (E44 - INT(E44)) * 100 / 60, 2) | G44: =E44*4 | H44: =LET(total, INT(E44)*60 + (E44-INT(E44))*100, blocks, QUOTIENT(total, 15), extra, MOD(total, 15), units, blocks + IF(extra>=8, 1, 0), units) | I44: 1/1 97153 | J44: =IF(L44="Level 1", VLOOKUP(I44, UserCodes!E:F, 2, FALSE) * H44, IF(L44="Level 2", VLOOKUP(I44, UserCodes!E:F, 2, FALSE) * H44 * 0.8, 0)) | K44: Omar, Mohamed | L44: =VLOOKUP(K44, UserCodes!A:B, 2, FALSE)
A45: Abdullahi, Abdirahman | B45: 46003 | C45: 12:00 PM - 03:00 PM | D45: 03:00 | E45: =HOUR(D45)+MINUTE(D45)/100 | F45: =ROUND(INT(E45) + (E45 - INT(E45)) * 100 / 60, 2) | G45: =E45*4 | H45: =LET(total, INT(E45)*60 + (E45-INT(E45))*100, blocks, QUOTIENT(total, 15), extra, MOD(total, 15), units, blocks + IF(extra>=8, 1, 0), units) | I45: O&D 97155 | J45: =IF(L45="Level 1", VLOOKUP(I45, UserCodes!E:F, 2, FALSE) * H45, IF(L45="Level 2", VLOOKUP(I45, UserCodes!E:F, 2, FALSE) * H45 * 0.8, 0)) | K45: Hawadle, Abdiaziz | L45: =VLOOKUP(K45, UserCodes!A:B, 2, FALSE)
A46: Abdulkadir, Nadra | B46: 46003 | C46: 01:00 PM - 04:30 PM | D46: 03:30 | E46: =HOUR(D46)+MINUTE(D46)/100 | F46: =ROUND(INT(E46) + (E46 - INT(E46)) * 100 / 60, 2) | G46: =E46*4 | H46: =LET(total, INT(E46)*60 + (E46-INT(E46))*100, blocks, QUOTIENT(total, 15), extra, MOD(total, 15), units, blocks + IF(extra>=8, 1, 0), units) | I46: O&D 97155 | J46: =IF(L46="Level 1", VLOOKUP(I46, UserCodes!E:F, 2, FALSE) * H46, IF(L46="Level 2", VLOOKUP(I46, UserCodes!E:F, 2, FALSE) * H46 * 0.8, 0)) | K46: Mohamed, Madar | L46: =VLOOKUP(K46, UserCodes!A:B, 2, FALSE)
A47: Abdullahi, Abdirahman | B47: 46003 | C47: 12:00 PM - 05:00 PM | D47: 05:00 | E47: =HOUR(D47)+MINUTE(D47)/100 | F47: =ROUND(INT(E47) + (E47 - INT(E47)) * 100 / 60, 2) | G47: =E47*4 | H47: =LET(total, INT(E47)*60 + (E47-INT(E47))*100, blocks, QUOTIENT(total, 15), extra, MOD(total, 15), units, blocks + IF(extra>=8, 1, 0), units) | I47: 1/1 97153 | J47: =IF(L47="Level 1", VLOOKUP(I47, UserCodes!E:F, 2, FALSE) * H47, IF(L47="Level 2", VLOOKUP(I47, UserCodes!E:F, 2, FALSE) * H47 * 0.8, 0)) | K47: Mohamed, Mohamed | L47: =VLOOKUP(K47, UserCodes!A:B, 2, FALSE)
A48: Abdi, Safia | B48: 46003 | C48: 03:30 PM - 08:00 PM | D48: 04:30 | E48: =HOUR(D48)+MINUTE(D48)/100 | F48: =ROUND(INT(E48) + (E48 - INT(E48)) * 100 / 60, 2) | G48: =E48*4 | H48: =LET(total, INT(E48)*60 + (E48-INT(E48))*100, blocks, QUOTIENT(total, 15), extra, MOD(total, 15), units, blocks + IF(extra>=8, 1, 0), units) | I48: 1/1 97153 | J48: =IF(L48="Level 1", VLOOKUP(I48, UserCodes!E:F, 2, FALSE) * H48, IF(L48="Level 2", VLOOKUP(I48, UserCodes!E:F, 2, FALSE) * H48 * 0.8, 0)) | K48: Muse, Nawaal | L48: =VLOOKUP(K48, UserCodes!A:B, 2, FALSE)
A49: Abdi, Samira | B49: 46003 | C49: 04:00pm - 08:00pm | E49: =HOUR(D49)+MINUTE(D49)/100 | F49: =ROUND(INT(E49) + (E49 - INT(E49)) * 100 / 60, 2) | G49: =E49*4 | H49: =LET(total, INT(E49)*60 + (E49-INT(E49))*100, blocks, QUOTIENT(total, 15), extra, MOD(total, 15), units, blocks + IF(extra>=8, 1, 0), units) | I49: 1/1 97153 | J49: =IF(L49="Level 1", VLOOKUP(I49, UserCodes!E:F, 2, FALSE) * H49, IF(L49="Level 2", VLOOKUP(I49, UserCodes!E:F, 2, FALSE) * H49 * 0.8, 0)) | K49: Abdulle, Zamzam | L49: =VLOOKUP(K49, UserCodes!A:B, 2, FALSE) | M49: No note
A50: Ali, Saami | B50: 46003 | C50: 06:15 PM - 08:00 PM | D50: 01:45 | E50: =HOUR(D50)+MINUTE(D50)/100 | F50: =ROUND(INT(E50) + (E50 - INT(E50)) * 100 / 60, 2) | G50: =E50*4 | H50: =LET(total, INT(E50)*60 + (E50-INT(E50))*100, blocks, QUOTIENT(total, 15), extra, MOD(total, 15), units, blocks + IF(extra>=8, 1, 0), units) | I50: O&D 97155 | J50: =IF(L50="Level 1", VLOOKUP(I50, UserCodes!E:F, 2, FALSE) * H50, IF(L50="Level 2", VLOOKUP(I50, UserCodes!E:F, 2, FALSE) * H50 * 0.8, 0)) | K50: Muse, Adna | L50: =VLOOKUP(K50, UserCodes!A:B, 2, FALSE)
A51: Ali, Saami | B51: 46003 | C51: 03:00 PM - 08:00 PM | D51: 05:00 | E51: =HOUR(D51)+MINUTE(D51)/100 | F51: =ROUND(INT(E51) + (E51 - INT(E51)) * 100 / 60, 2) | G51: =E51*4 | H51: =LET(total, INT(E51)*60 + (E51-INT(E51))*100, blocks, QUOTIENT(total, 15), extra, MOD(total, 15), units, blocks + IF(extra>=8, 1, 0), units) | I51: 1/1 97153 | J51: =IF(L51="Level 1", VLOOKUP(I51, UserCodes!E:F, 2, FALSE) * H51, IF(L51="Level 2", VLOOKUP(I51, UserCodes!E:F, 2, FALSE) * H51 * 0.8, 0)) | K51: Muse, Aaliya | L51: =VLOOKUP(K51, UserCodes!A:B, 2, FALSE)
A52: Jama, Khadija | B52: 46003 | C52: 03:30 PM - 08:00 PM | D52: 04:30 | E52: =HOUR(D52)+MINUTE(D52)/100 | F52: =ROUND(INT(E52) + (E52 - INT(E52)) * 100 / 60, 2) | G52: =E52*4 | H52: =LET(total, INT(E52)*60 + (E52-INT(E52))*100, blocks, QUOTIENT(total, 15), extra, MOD(total, 15), units, blocks + IF(extra>=8, 1, 0), units) | I52: 1/1 97153 | J52: =IF(L52="Level 1", VLOOKUP(I52, UserCodes!E:F, 2, FALSE) * H52, IF(L52="Level 2", VLOOKUP(I52, UserCodes!E:F, 2, FALSE) * H52 * 0.8, 0)) | K52: Barqab, Mushtaq | L52: =VLOOKUP(K52, UserCodes!A:B, 2, FALSE)
A53: Sulub, Sharmake | B53: 46003 | C53: 06:30pm - 08:00pm | E53: =HOUR(D53)+MINUTE(D53)/100 | F53: =ROUND(INT(E53) + (E53 - INT(E53)) * 100 / 60, 2) | G53: =E53*4 | H53: =LET(total, INT(E53)*60 + (E53-INT(E53))*100, blocks, QUOTIENT(total, 15), extra, MOD(total, 15), units, blocks + IF(extra>=8, 1, 0), units) | I53: 1/1 97153 | J53: =IF(L53="Level 1", VLOOKUP(I53, UserCodes!E:F, 2, FALSE) * H53, IF(L53="Level 2", VLOOKUP(I53, UserCodes!E:F, 2, FALSE) * H53 * 0.8, 0)) | K53: Abdulle, Zamzam | L53: =VLOOKUP(K53, UserCodes!A:B, 2, FALSE) | M53: No note
A54: Kadir, Hamdi | B54: 46003 | C54: 12:55 PM - 03:45 PM | D54: 02:50 | E54: =HOUR(D54)+MINUTE(D54)/100 | F54: =ROUND(INT(E54) + (E54 - INT(E54)) * 100 / 60, 2) | G54: =E54*4 | H54: =LET(total, INT(E54)*60 + (E54-INT(E54))*100, blocks, QUOTIENT(total, 15), extra, MOD(total, 15), units, blocks + IF(extra>=8, 1, 0), units) | J54: =IF(L54="Level 1", VLOOKUP(I54, UserCodes!E:F, 2, FALSE) * H54, IF(L54="Level 2", VLOOKUP(I54, UserCodes!E:F, 2, FALSE) * H54 * 0.8, 0)) | K54: Ahmed, Jama | L54: =VLOOKUP(K54, UserCodes!A:B, 2, FALSE) | M54: No schedule
A55: Kadir, Hamdi | B55: 46003 | C55: 12:35 PM - 08:00 PM | D55: 07:25 | E55: =HOUR(D55)+MINUTE(D55)/100 | F55: =ROUND(INT(E55) + (E55 - INT(E55)) * 100 / 60, 2) | G55: =E55*4 | H55: =LET(total, INT(E55)*60 + (E55-INT(E55))*100, blocks, QUOTIENT(total, 15), extra, MOD(total, 15), units, blocks + IF(extra>=8, 1, 0), units) | I55: 1/1 97153 | J55: =IF(L55="Level 1", VLOOKUP(I55, UserCodes!E:F, 2, FALSE) * H55, IF(L55="Level 2", VLOOKUP(I55, UserCodes!E:F, 2, FALSE) * H55 * 0.8, 0)) | K55: Mohamed, Samsam | L55: =VLOOKUP(K55, UserCodes!A:B, 2, FALSE)
A56: Kadir, Hamdi | B56: 46003 | C56: 12:00 PM - 03:00 PM | D56: 03:00 | E56: =HOUR(D56)+MINUTE(D56)/100 | F56: =ROUND(INT(E56) + (E56 - INT(E56)) * 100 / 60, 2) | G56: =E56*4 | H56: =LET(total, INT(E56)*60 + (E56-INT(E56))*100, blocks, QUOTIENT(total, 15), extra, MOD(total, 15), units, blocks + IF(extra>=8, 1, 0), units) | I56: O&D 97155 | J56: =IF(L56="Level 1", VLOOKUP(I56, UserCodes!E:F, 2, FALSE) * H56, IF(L56="Level 2", VLOOKUP(I56, UserCodes!E:F, 2, FALSE) * H56 * 0.8, 0)) | K56: Muse, Adna | L56: =VLOOKUP(K56, UserCodes!A:B, 2, FALSE)
A57: Sulub, Sharmake | B57: 46003 | C57: 06:30 PM - 08:00 PM | D57: 01:30 | E57: =HOUR(D57)+MINUTE(D57)/100 | F57: =ROUND(INT(E57) + (E57 - INT(E57)) * 100 / 60, 2) | G57: =E57*4 | H57: =LET(total, INT(E57)*60 + (E57-INT(E57))*100, blocks, QUOTIENT(total, 15), extra, MOD(total, 15), units, blocks + IF(extra>=8, 1, 0), units) | I57: O&D 97155 | J57: =IF(L57="Level 1", VLOOKUP(I57, UserCodes!E:F, 2, FALSE) * H57, IF(L57="Level 2", VLOOKUP(I57, UserCodes!E:F, 2, FALSE) * H57 * 0.8, 0)) | K57: Ali, Nasteho | L57: =VLOOKUP(K57, UserCodes!A:B, 2, FALSE)
A58: Abdulkadir, Nadra | B58: 46003 | C58: 01:30 PM - 06:30 PM | D58: 05:00 | E58: =HOUR(D58)+MINUTE(D58)/100 | F58: =ROUND(INT(E58) + (E58 - INT(E58)) * 100 / 60, 2) | G58: =E58*4 | H58: =LET(total, INT(E58)*60 + (E58-INT(E58))*100, blocks, QUOTIENT(total, 15), extra, MOD(total, 15), units, blocks + IF(extra>=8, 1, 0), units) | I58: 1/1 97153 | J58: =IF(L58="Level 1", VLOOKUP(I58, UserCodes!E:F, 2, FALSE) * H58, IF(L58="Level 2", VLOOKUP(I58, UserCodes!E:F, 2, FALSE) * H58 * 0.8, 0)) | K58: Ali, Nasteho | L58: =VLOOKUP(K58, UserCodes!A:B, 2, FALSE)
A59: Abdi, Safia | B59: 46003 | C59: 04:00 PM - 05:00 PM | D59: 01:00 | E59: =HOUR(D59)+MINUTE(D59)/100 | F59: =ROUND(INT(E59) + (E59 - INT(E59)) * 100 / 60, 2) | G59: =E59*4 | H59: =LET(total, INT(E59)*60 + (E59-INT(E59))*100, blocks, QUOTIENT(total, 15), extra, MOD(total, 15), units, blocks + IF(extra>=8, 1, 0), units) | J59: =IF(L59="Level 1", VLOOKUP(I59, UserCodes!E:F, 2, FALSE) * H59, IF(L59="Level 2", VLOOKUP(I59, UserCodes!E:F, 2, FALSE) * H59 * 0.8, 0)) | K59: El-Tay, Dr. Ismael | L59: =VLOOKUP(K59, UserCodes!A:B, 2, FALSE) | M59: No schedule
A60: Abdi, Ahmed | B60: 46003 | C60: 05:00pm - 06:00pm | E60: =HOUR(D60)+MINUTE(D60)/100 | F60: =ROUND(INT(E60) + (E60 - INT(E60)) * 100 / 60, 2) | G60: =E60*4 | H60: =LET(total, INT(E60)*60 + (E60-INT(E60))*100, blocks, QUOTIENT(total, 15), extra, MOD(total, 15), units, blocks + IF(extra>=8, 1, 0), units) | I60: 1/1 97153 | J60: =IF(L60="Level 1", VLOOKUP(I60, UserCodes!E:F, 2, FALSE) * H60, IF(L60="Level 2", VLOOKUP(I60, UserCodes!E:F, 2, FALSE) * H60 * 0.8, 0)) | K60: Abdulle, Zamzam | L60: =VLOOKUP(K60, UserCodes!A:B, 2, FALSE) | M60: No note
A61: Yusuf 2, Khadra | B61: 46003 | C61: 01:00 PM - 06:00 PM | D61: 05:00 | E61: =HOUR(D61)+MINUTE(D61)/100 | F61: =ROUND(INT(E61) + (E61 - INT(E61)) * 100 / 60, 2) | G61: =E61*4 | H61: =LET(total, INT(E61)*60 + (E61-INT(E61))*100, blocks, QUOTIENT(total, 15), extra, MOD(total, 15), units, blocks + IF(extra>=8, 1, 0), units) | I61: 1/1 97153 | J61: =IF(L61="Level 1", VLOOKUP(I61, UserCodes!E:F, 2, FALSE) * H61, IF(L61="Level 2", VLOOKUP(I61, UserCodes!E:F, 2, FALSE) * H61 * 0.8, 0)) | K61: Ali, Naima | L61: =VLOOKUP(K61, UserCodes!A:B, 2, FALSE)
A62: Abdi, Mohamed | B62: 46003 | C62: 03:00 PM - 08:00 PM | D62: 05:00 | E62: =HOUR(D62)+MINUTE(D62)/100 | F62: =ROUND(INT(E62) + (E62 - INT(E62)) * 100 / 60, 2) | G62: =E62*4 | H62: =LET(total, INT(E62)*60 + (E62-INT(E62))*100, blocks, QUOTIENT(total, 15), extra, MOD(total, 15), units, blocks + IF(extra>=8, 1, 0), units) | I62: 1/1 97153 | J62: =IF(L62="Level 1", VLOOKUP(I62, UserCodes!E:F, 2, FALSE) * H62, IF(L62="Level 2", VLOOKUP(I62, UserCodes!E:F, 2, FALSE) * H62 * 0.8, 0)) | K62: Osman, Basra | L62: =VLOOKUP(K62, UserCodes!A:B, 2, FALSE)
A63: Abdi, Ahmed | B63: 46003 | C63: 06:00 PM - 08:00 PM | D63: 02:00 | E63: =HOUR(D63)+MINUTE(D63)/100 | F63: =ROUND(INT(E63) + (E63 - INT(E63)) * 100 / 60, 2) | G63: =E63*4 | H63: =LET(total, INT(E63)*60 + (E63-INT(E63))*100, blocks, QUOTIENT(total, 15), extra, MOD(total, 15), units, blocks + IF(extra>=8, 1, 0), units) | I63: 1/1 97153 | J63: =IF(L63="Level 1", VLOOKUP(I63, UserCodes!E:F, 2, FALSE) * H63, IF(L63="Level 2", VLOOKUP(I63, UserCodes!E:F, 2, FALSE) * H63 * 0.8, 0)) | K63: Hashi, Ridwan | L63: =VLOOKUP(K63, UserCodes!A:B, 2, FALSE)
A64: Abdi, Ahmed | B64: 46003 | C64: 06:00 PM - 08:00 PM | D64: 02:00 | E64: =HOUR(D64)+MINUTE(D64)/100 | F64: =ROUND(INT(E64) + (E64 - INT(E64)) * 100 / 60, 2) | G64: =E64*4 | H64: =LET(total, INT(E64)*60 + (E64-INT(E64))*100, blocks, QUOTIENT(total, 15), extra, MOD(total, 15), units, blocks + IF(extra>=8, 1, 0), units) | I64: O&D 97155 | J64: =IF(L64="Level 1", VLOOKUP(I64, UserCodes!E:F, 2, FALSE) * H64, IF(L64="Level 2", VLOOKUP(I64, UserCodes!E:F, 2, FALSE) * H64 * 0.8, 0)) | K64: Ibrahim, Ahmed | L64: =VLOOKUP(K64, UserCodes!A:B, 2, FALSE)
A65: Abdi, Ahmed | B65: 46003 | C65: 05:00 PM - 06:00 PM | D65: 01:00 | E65: =HOUR(D65)+MINUTE(D65)/100 | F65: =ROUND(INT(E65) + (E65 - INT(E65)) * 100 / 60, 2) | G65: =E65*4 | H65: =LET(total, INT(E65)*60 + (E65-INT(E65))*100, blocks, QUOTIENT(total, 15), extra, MOD(total, 15), units, blocks + IF(extra>=8, 1, 0), units) | I65: O&D 97155 | J65: =IF(L65="Level 1", VLOOKUP(I65, UserCodes!E:F, 2, FALSE) * H65, IF(L65="Level 2", VLOOKUP(I65, UserCodes!E:F, 2, FALSE) * H65 * 0.8, 0)) | K65: Ibrahim, Ahmed | L65: =VLOOKUP(K65, UserCodes!A:B, 2, FALSE)
A66: Abdi, Ahmed | B66: 46003 | C66: 03:00 PM - 05:00 PM | D66: 02:00 | E66: =HOUR(D66)+MINUTE(D66)/100 | F66: =ROUND(INT(E66) + (E66 - INT(E66)) * 100 / 60, 2) | G66: =E66*4 | H66: =LET(total, INT(E66)*60 + (E66-INT(E66))*100, blocks, QUOTIENT(total, 15), extra, MOD(total, 15), units, blocks + IF(extra>=8, 1, 0), units) | I66: 1/1 97153 | J66: =IF(L66="Level 1", VLOOKUP(I66, UserCodes!E:F, 2, FALSE) * H66, IF(L66="Level 2", VLOOKUP(I66, UserCodes!E:F, 2, FALSE) * H66 * 0.8, 0)) | K66: Hawadle, Abdiaziz | L66: =VLOOKUP(K66, UserCodes!A:B, 2, FALSE)
A67: Abdulkadir, Nadra | B67: 46004 | C67: 12:30 PM - 05:00 PM | D67: 04:30 | E67: =HOUR(D67)+MINUTE(D67)/100 | F67: =ROUND(INT(E67) + (E67 - INT(E67)) * 100 / 60, 2) | G67: =E67*4 | H67: =LET(total, INT(E67)*60 + (E67-INT(E67))*100, blocks, QUOTIENT(total, 15), extra, MOD(total, 15), units, blocks + IF(extra>=8, 1, 0), units) | I67: 1/1 97153 | J67: =IF(L67="Level 1", VLOOKUP(I67, UserCodes!E:F, 2, FALSE) * H67, IF(L67="Level 2", VLOOKUP(I67, UserCodes!E:F, 2, FALSE) * H67 * 0.8, 0)) | K67: ALI, AMIRA | L67: =VLOOKUP(K67, UserCodes!A:B, 2, FALSE)
A68: Abdulkadir, Nadra | B68: 46004 | C68: 10:00 AM - 01:00 PM | D68: 03:00 | E68: =HOUR(D68)+MINUTE(D68)/100 | F68: =ROUND(INT(E68) + (E68 - INT(E68)) * 100 / 60, 2) | G68: =E68*4 | H68: =LET(total, INT(E68)*60 + (E68-INT(E68))*100, blocks, QUOTIENT(total, 15), extra, MOD(total, 15), units, blocks + IF(extra>=8, 1, 0), units) | I68: O&D 97155 | J68: =IF(L68="Level 1", VLOOKUP(I68, UserCodes!E:F, 2, FALSE) * H68, IF(L68="Level 2", VLOOKUP(I68, UserCodes!E:F, 2, FALSE) * H68 * 0.8, 0)) | K68: Mohamed, Madar | L68: =VLOOKUP(K68, UserCodes!A:B, 2, FALSE)
A69: Abdulkadir, Nadra | B69: 46004 | C69: 09:00 AM - 12:00 PM | D69: 03:00 | E69: =HOUR(D69)+MINUTE(D69)/100 | F69: =ROUND(INT(E69) + (E69 - INT(E69)) * 100 / 60, 2) | G69: =E69*4 | H69: =LET(total, INT(E69)*60 + (E69-INT(E69))*100, blocks, QUOTIENT(total, 15), extra, MOD(total, 15), units, blocks + IF(extra>=8, 1, 0), units) | I69: 1/1 97153 | J69: =IF(L69="Level 1", VLOOKUP(I69, UserCodes!E:F, 2, FALSE) * H69, IF(L69="Level 2", VLOOKUP(I69, UserCodes!E:F, 2, FALSE) * H69 * 0.8, 0)) | K69: ALI, AMIRA | L69: =VLOOKUP(K69, UserCodes!A:B, 2, FALSE)
A70: Abdi, Mohamed | B70: 46004 | C70: 10:00 AM - 02:40 PM | D70: 04:40 | E70: =HOUR(D70)+MINUTE(D70)/100 | F70: =ROUND(INT(E70) + (E70 - INT(E70)) * 100 / 60, 2) | G70: =E70*4 | H70: =LET(total, INT(E70)*60 + (E70-INT(E70))*100, blocks, QUOTIENT(total, 15), extra, MOD(total, 15), units, blocks + IF(extra>=8, 1, 0), units) | I70: 1/1 97153 | J70: =IF(L70="Level 1", VLOOKUP(I70, UserCodes!E:F, 2, FALSE) * H70, IF(L70="Level 2", VLOOKUP(I70, UserCodes!E:F, 2, FALSE) * H70 * 0.8, 0)) | K70: Mohamed, Mohamed | L70: =VLOOKUP(K70, UserCodes!A:B, 2, FALSE)
A71: Abdi, Mohamed | B71: 46004 | C71: 01:00 PM - 02:40 PM | D71: 01:40 | E71: =HOUR(D71)+MINUTE(D71)/100 | F71: =ROUND(INT(E71) + (E71 - INT(E71)) * 100 / 60, 2) | G71: =E71*4 | H71: =LET(total, INT(E71)*60 + (E71-INT(E71))*100, blocks, QUOTIENT(total, 15), extra, MOD(total, 15), units, blocks + IF(extra>=8, 1, 0), units) | I71: O&D 97155 | J71: =IF(L71="Level 1", VLOOKUP(I71, UserCodes!E:F, 2, FALSE) * H71, IF(L71="Level 2", VLOOKUP(I71, UserCodes!E:F, 2, FALSE) * H71 * 0.8, 0)) | K71: Hawadle, Abdiaziz | L71: =VLOOKUP(K71, UserCodes!A:B, 2, FALSE)
A72: Abdi, Mohamed | B72: 46004 | C72: 02:40 PM - 06:10 PM | D72: 03:30 | E72: =HOUR(D72)+MINUTE(D72)/100 | F72: =ROUND(INT(E72) + (E72 - INT(E72)) * 100 / 60, 2) | G72: =E72*4 | H72: =LET(total, INT(E72)*60 + (E72-INT(E72))*100, blocks, QUOTIENT(total, 15), extra, MOD(total, 15), units, blocks + IF(extra>=8, 1, 0), units) | I72: 1/1 97153 | J72: =IF(L72="Level 1", VLOOKUP(I72, UserCodes!E:F, 2, FALSE) * H72, IF(L72="Level 2", VLOOKUP(I72, UserCodes!E:F, 2, FALSE) * H72 * 0.8, 0)) | K72: Ibrahim, Ahmed | L72: =VLOOKUP(K72, UserCodes!A:B, 2, FALSE)
... A74: Yusuf 2, Khadra | B74: 46004 | C74: 09:00 AM - 12:00 PM | D74: 03:00 | E74: =HOUR(D74)+MINUTE(D74)/100 | F74: =ROUND(INT(E74) + (E74 - INT(E74)) * 100 / 60, 2) | G74: =E74*4 | H74: =LET(total, INT(E74)*60 + (E74-INT(E74))*100, blocks, QUOTIENT(total, 15), extra, MOD(total, 15), units, blocks + IF(extra>=8, 1, 0), units) | I74: 1/1 97153 | J74: =IF(L74="Level 1", VLOOKUP(I74, UserCodes!E:F, 2, FALSE) * H74, IF(L74="Level 2", VLOOKUP(I74, UserCodes!E:F, 2, FALSE) * H74 * 0.8, 0)) | K74: Muse, Ayni | L74: =VLOOKUP(K74, UserCodes!A:B, 2, FALSE)
A75: Abdi, Safia | B75: 46004 | C75: 09:00 AM - 11:30 AM | D75: 02:30 | E75: =HOUR(D75)+MINUTE(D75)/100 | F75: =ROUND(INT(E75) + (E75 - INT(E75)) * 100 / 60, 2) | G75: =E75*4 | H75: =LET(total, INT(E75)*60 + (E75-INT(E75))*100, blocks, QUOTIENT(total, 15), extra, MOD(total, 15), units, blocks + IF(extra>=8, 1, 0), units) | J75: =IF(L75="Level 1", VLOOKUP(I75, UserCodes!E:F, 2, FALSE) * H75, IF(L75="Level 2", VLOOKUP(I75, UserCodes!E:F, 2, FALSE) * H75 * 0.8, 0)) | K75: Ahmed, Jama | L75: =VLOOKUP(K75, UserCodes!A:B, 2, FALSE) | M75: No schedule
A76: Jama, Khadija | B76: 46004 | C76: 12:00 PM - 03:00 PM | D76: 03:00 | E76: =HOUR(D76)+MINUTE(D76)/100 | F76: =ROUND(INT(E76) + (E76 - INT(E76)) * 100 / 60, 2) | G76: =E76*4 | H76: =LET(total, INT(E76)*60 + (E76-INT(E76))*100, blocks, QUOTIENT(total, 15), extra, MOD(total, 15), units, blocks + IF(extra>=8, 1, 0), units) | I76: O&D 97155 | J76: =IF(L76="Level 1", VLOOKUP(I76, UserCodes!E:F, 2, FALSE) * H76, IF(L76="Level 2", VLOOKUP(I76, UserCodes!E:F, 2, FALSE) * H76 * 0.8, 0)) | K76: Muse, Ayni | L76: =VLOOKUP(K76, UserCodes!A:B, 2, FALSE)
A77: Abdi, Samira | B77: 46004 | C77: 10:00 AM - 01:00 PM | D77: 03:00 | E77: =HOUR(D77)+MINUTE(D77)/100 | F77: =ROUND(INT(E77) + (E77 - INT(E77)) * 100 / 60, 2) | G77: =E77*4 | H77: =LET(total, INT(E77)*60 + (E77-INT(E77))*100, blocks, QUOTIENT(total, 15), extra, MOD(total, 15), units, blocks + IF(extra>=8, 1, 0), units) | I77: O&D 97155 | J77: =IF(L77="Level 1", VLOOKUP(I77, UserCodes!E:F, 2, FALSE) * H77, IF(L77="Level 2", VLOOKUP(I77, UserCodes!E:F, 2, FALSE) * H77 * 0.8, 0)) | K77: Muse, Adna | L77: =VLOOKUP(K77, UserCodes!A:B, 2, FALSE)
A78: Jama, Khadija | B78: 46004 | C78: 10:00am - 03:00pm | E78: =HOUR(D78)+MINUTE(D78)/100 | F78: =ROUND(INT(E78) + (E78 - INT(E78)) * 100 / 60, 2) | G78: =E78*4 | H78: =LET(total, INT(E78)*60 + (E78-INT(E78))*100, blocks, QUOTIENT(total, 15), extra, MOD(total, 15), units, blocks + IF(extra>=8, 1, 0), units) | I78: 1/1 97153 | J78: =IF(L78="Level 1", VLOOKUP(I78, UserCodes!E:F, 2, FALSE) * H78, IF(L78="Level 2", VLOOKUP(I78, UserCodes!E:F, 2, FALSE) * H78 * 0.8, 0)) | K78: Abdulle, Zamzam | L78: =VLOOKUP(K78, UserCodes!A:B, 2, FALSE) | M78: No note
A79: Kadir, Hamdi | B79: 46004 | C79: 11:00 AM - 06:00 PM | D79: 07:00 | E79: =HOUR(D79)+MINUTE(D79)/100 | F79: =ROUND(INT(E79) + (E79 - INT(E79)) * 100 / 60, 2) | G79: =E79*4 | H79: =LET(total, INT(E79)*60 + (E79-INT(E79))*100, blocks, QUOTIENT(total, 15), extra, MOD(total, 15), units, blocks + IF(extra>=8, 1, 0), units) | I79: 1/1 97153 | J79: =IF(L79="Level 1", VLOOKUP(I79, UserCodes!E:F, 2, FALSE) * H79, IF(L79="Level 2", VLOOKUP(I79, UserCodes!E:F, 2, FALSE) * H79 * 0.8, 0)) | K79: Mohamed, Samsam | L79: =VLOOKUP(K79, UserCodes!A:B, 2, FALSE)
A80: Kadir, Hamdi | B80: 46004 | C80: 10:00 AM - 01:00 PM | D80: 03:00 | E80: =HOUR(D80)+MINUTE(D80)/100 | F80: =ROUND(INT(E80) + (E80 - INT(E80)) * 100 / 60, 2) | G80: =E80*4 | H80: =LET(total, INT(E80)*60 + (E80-INT(E80))*100, blocks, QUOTIENT(total, 15), extra, MOD(total, 15), units, blocks + IF(extra>=8, 1, 0), units) | I80: O&D 97155 | J80: =IF(L80="Level 1", VLOOKUP(I80, UserCodes!E:F, 2, FALSE) * H80, IF(L80="Level 2", VLOOKUP(I80, UserCodes!E:F, 2, FALSE) * H80 * 0.8, 0)) | K80: Hawadle, Abdiaziz | L80: =VLOOKUP(K80, UserCodes!A:B, 2, FALSE)
A81: Abdi, Ahmed | B81: 46004 | C81: 10:00 AM - 03:32 PM | D81: 05:32 | E81: =HOUR(D81)+MINUTE(D81)/100 | F81: =ROUND(INT(E81) + (E81 - INT(E81)) * 100 / 60, 2) | G81: =E81*4 | H81: =LET(total, INT(E81)*60 + (E81-INT(E81))*100, blocks, QUOTIENT(total, 15), extra, MOD(total, 15), units, blocks + IF(extra>=8, 1, 0), units) | I81: 1/1 97153 | J81: =IF(L81="Level 1", VLOOKUP(I81, UserCodes!E:F, 2, FALSE) * H81, IF(L81="Level 2", VLOOKUP(I81, UserCodes!E:F, 2, FALSE) * H81 * 0.8, 0)) | K81: Omar, Mohamed | L81: =VLOOKUP(K81, UserCodes!A:B, 2, FALSE)
A82: Abdi, Ahmed | B82: 46004 | C82: 01:00 PM - 04:00 PM | D82: 03:00 | E82: =HOUR(D82)+MINUTE(D82)/100 | F82: =ROUND(INT(E82) + (E82 - INT(E82)) * 100 / 60, 2) | G82: =E82*4 | H82: =LET(total, INT(E82)*60 + (E82-INT(E82))*100, blocks, QUOTIENT(total, 15), extra, MOD(total, 15), units, blocks + IF(extra>=8, 1, 0), units) | I82: O&D 97155 | J82: =IF(L82="Level 1", VLOOKUP(I82, UserCodes!E:F, 2, FALSE) * H82, IF(L82="Level 2", VLOOKUP(I82, UserCodes!E:F, 2, FALSE) * H82 * 0.8, 0)) | K82: Muse, Adna | L82: =VLOOKUP(K82, UserCodes!A:B, 2, FALSE)
A83: Abdi, Ahmed | B83: 46004 | C83: 04:02 PM - 06:00 PM | D83: 01:58 | E83: =HOUR(D83)+MINUTE(D83)/100 | F83: =ROUND(INT(E83) + (E83 - INT(E83)) * 100 / 60, 2) | G83: =E83*4 | H83: =LET(total, INT(E83)*60 + (E83-INT(E83))*100, blocks, QUOTIENT(total, 15), extra, MOD(total, 15), units, blocks + IF(extra>=8, 1, 0), units) | I83: 1/1 97153 | J83: =IF(L83="Level 1", VLOOKUP(I83, UserCodes!E:F, 2, FALSE) * H83, IF(L83="Level 2", VLOOKUP(I83, UserCodes!E:F, 2, FALSE) * H83 * 0.8, 0)) | K83: Omar, Mohamed | L83: =VLOOKUP(K83, UserCodes!A:B, 2, FALSE)
A84: Sulub, Sharmake | B84: 46004 | C84: 12:30 PM - 02:50 PM | D84: 02:20 | E84: =HOUR(D84)+MINUTE(D84)/100 | F84: =ROUND(INT(E84) + (E84 - INT(E84)) * 100 / 60, 2) | G84: =E84*4 | H84: =LET(total, INT(E84)*60 + (E84-INT(E84))*100, blocks, QUOTIENT(total, 15), extra, MOD(total, 15), units, blocks + IF(extra>=8, 1, 0), units) | J84: =IF(L84="Level 1", VLOOKUP(I84, UserCodes!E:F, 2, FALSE) * H84, IF(L84="Level 2", VLOOKUP(I84, UserCodes!E:F, 2, FALSE) * H84 * 0.8, 0)) | K84: Ahmed, Jama | L84: =VLOOKUP(K84, UserCodes!A:B, 2, FALSE) | M84: No schedule
A85: Sulub, Sharmake | B85: 46004 | C85: 12:00 PM - 03:00 PM | D85: 03:00 | E85: =HOUR(D85)+MINUTE(D85)/100 | F85: =ROUND(INT(E85) + (E85 - INT(E85)) * 100 / 60, 2) | G85: =E85*4 | H85: =LET(total, INT(E85)*60 + (E85-INT(E85))*100, blocks, QUOTIENT(total, 15), extra, MOD(total, 15), units, blocks + IF(extra>=8, 1, 0), units) | I85: O&D 97155 | J85: =IF(L85="Level 1", VLOOKUP(I85, UserCodes!E:F, 2, FALSE) * H85, IF(L85="Level 2", VLOOKUP(I85, UserCodes!E:F, 2, FALSE) * H85 * 0.8, 0)) | K85: Muse, Aaliya | L85: =VLOOKUP(K85, UserCodes!A:B, 2, FALSE)
A86: Sulub, Sharmake | B86: 46004 | C86: 10:30 AM - 06:00 PM | D86: 07:30 | E86: =HOUR(D86)+MINUTE(D86)/100 | F86: =ROUND(INT(E86) + (E86 - INT(E86)) * 100 / 60, 2) | G86: =E86*4 | H86: =LET(total, INT(E86)*60 + (E86-INT(E86))*100, blocks, QUOTIENT(total, 15), extra, MOD(total, 15), units, blocks + IF(extra>=8, 1, 0), units) | I86: 1/1 97153 | J86: =IF(L86="Level 1", VLOOKUP(I86, UserCodes!E:F, 2, FALSE) * H86, IF(L86="Level 2", VLOOKUP(I86, UserCodes!E:F, 2, FALSE) * H86 * 0.8, 0)) | K86: Ali, Nasteho | L86: =VLOOKUP(K86, UserCodes!A:B, 2, FALSE)
A87: Yusuf 2, Khadra | B87: 46004 | C87: 09:15 AM - 05:00 PM | D87: 07:45 | E87: =HOUR(D87)+MINUTE(D87)/100 | F87: =ROUND(INT(E87) + (E87 - INT(E87)) * 100 / 60, 2) | G87: =E87*4 | H87: =LET(total, INT(E87)*60 + (E87-INT(E87))*100, blocks, QUOTIENT(total, 15), extra, MOD(total, 15), units, blocks + IF(extra>=8, 1, 0), units) | I87: 1/1 97153 | J87: =IF(L87="Level 1", VLOOKUP(I87, UserCodes!E:F, 2, FALSE) * H87, IF(L87="Level 2", VLOOKUP(I87, UserCodes!E:F, 2, FALSE) * H87 * 0.8, 0)) | K87: Ran, Sameya | L87: =VLOOKUP(K87, UserCodes!A:B, 2, FALSE)
A88: Jama, Khadija | B88: 46004 | C88: 03:00 PM - 06:00 PM | D88: 03:00 | E88: =HOUR(D88)+MINUTE(D88)/100 | F88: =ROUND(INT(E88) + (E88 - INT(E88)) * 100 / 60, 2) | G88: =E88*4 | H88: =LET(total, INT(E88)*60 + (E88-INT(E88))*100, blocks, QUOTIENT(total, 15), extra, MOD(total, 15), units, blocks + IF(extra>=8, 1, 0), units) | I88: 1/1 97153 | J88: =IF(L88="Level 1", VLOOKUP(I88, UserCodes!E:F, 2, FALSE) * H88, IF(L88="Level 2", VLOOKUP(I88, UserCodes!E:F, 2, FALSE) * H88 * 0.8, 0)) | K88: Muse, Aaliya | L88: =VLOOKUP(K88, UserCodes!A:B, 2, FALSE)
A89: Abdi, Samira | B89: 46004 | C89: 10:30 AM - 06:00 PM | D89: 07:30 | E89: =HOUR(D89)+MINUTE(D89)/100 | F89: =ROUND(INT(E89) + (E89 - INT(E89)) * 100 / 60, 2) | G89: =E89*4 | H89: =LET(total, INT(E89)*60 + (E89-INT(E89))*100, blocks, QUOTIENT(total, 15), extra, MOD(total, 15), units, blocks + IF(extra>=8, 1, 0), units) | I89: 1/1 97153 | J89: =IF(L89="Level 1", VLOOKUP(I89, UserCodes!E:F, 2, FALSE) * H89, IF(L89="Level 2", VLOOKUP(I89, UserCodes!E:F, 2, FALSE) * H89 * 0.8, 0)) | K89: Muse, Nawaal | L89: =VLOOKUP(K89, UserCodes!A:B, 2, FALSE)
A90: Abdi, Safia | B90: 46004 | C90: 10:00 AM - 03:00 PM | D90: 05:00 | E90: =HOUR(D90)+MINUTE(D90)/100 | F90: =ROUND(INT(E90) + (E90 - INT(E90)) * 100 / 60, 2) | G90: =E90*4 | H90: =LET(total, INT(E90)*60 + (E90-INT(E90))*100, blocks, QUOTIENT(total, 15), extra, MOD(total, 15), units, blocks + IF(extra>=8, 1, 0), units) | I90: O&D 97155 | J90: =IF(L90="Level 1", VLOOKUP(I90, UserCodes!E:F, 2, FALSE) * H90, IF(L90="Level 2", VLOOKUP(I90, UserCodes!E:F, 2, FALSE) * H90 * 0.8, 0)) | K90: Osman, Basra | L90: =VLOOKUP(K90, UserCodes!A:B, 2, FALSE)
A91: Yusuf, Khadija | B91: 46004 | C91: 02:00 PM - 02:30 PM | D91: 00:30 | E91: =HOUR(D91)+MINUTE(D91)/100 | F91: =ROUND(INT(E91) + (E91 - INT(E91)) * 100 / 60, 2) | G91: =E91*4 | H91: =LET(total, INT(E91)*60 + (E91-INT(E91))*100, blocks, QUOTIENT(total, 15), extra, MOD(total, 15), units, blocks + IF(extra>=8, 1, 0), units) | I91: 1/1 97153 | J91: =IF(L91="Level 1", VLOOKUP(I91, UserCodes!E:F, 2, FALSE) * H91, IF(L91="Level 2", VLOOKUP(I91, UserCodes!E:F, 2, FALSE) * H91 * 0.8, 0)) | K91: Ibrahim, Ahmed | L91: =VLOOKUP(K91, UserCodes!A:B, 2, FALSE)
A92: Abdi, Safia | B92: 46004 | C92: 03:00 PM - 06:00 PM | D92: 03:00 | E92: =HOUR(D92)+MINUTE(D92)/100 | F92: =ROUND(INT(E92) + (E92 - INT(E92)) * 100 / 60, 2) | G92: =E92*4 | H92: =LET(total, INT(E92)*60 + (E92-INT(E92))*100, blocks, QUOTIENT(total, 15), extra, MOD(total, 15), units, blocks + IF(extra>=8, 1, 0), units) | I92: O&D 97155 | J92: =IF(L92="Level 1", VLOOKUP(I92, UserCodes!E:F, 2, FALSE) * H92, IF(L92="Level 2", VLOOKUP(I92, UserCodes!E:F, 2, FALSE) * H92 * 0.8, 0)) | K92: Osman, Basra | L92: =VLOOKUP(K92, UserCodes!A:B, 2, FALSE)
A93: Abdi, Safia | B93: 46004 | C93: 03:00 PM - 06:00 PM | D93: 03:00 | E93: =HOUR(D93)+MINUTE(D93)/100 | F93: =ROUND(INT(E93) + (E93 - INT(E93)) * 100 / 60, 2) | G93: =E93*4 | H93: =LET(total, INT(E93)*60 + (E93-INT(E93))*100, blocks, QUOTIENT(total, 15), extra, MOD(total, 15), units, blocks + IF(extra>=8, 1, 0), units) | I93: 1/1 97153 | J93: =IF(L93="Level 1", VLOOKUP(I93, UserCodes!E:F, 2, FALSE) * H93, IF(L93="Level 2", VLOOKUP(I93, UserCodes!E:F, 2, FALSE) * H93 * 0.8, 0)) | K93: Muse, Ayni | L93: =VLOOKUP(K93, UserCodes!A:B, 2, FALSE)
A94: Yusuf, Khadija | B94: 46004 | C94: 02:30 PM - 05:00 PM | D94: 02:30 | E94: =HOUR(D94)+MINUTE(D94)/100 | F94: =ROUND(INT(E94) + (E94 - INT(E94)) * 100 / 60, 2) | G94: =E94*4 | H94: =LET(total, INT(E94)*60 + (E94-INT(E94))*100, blocks, QUOTIENT(total, 15), extra, MOD(total, 15), units, blocks + IF(extra>=8, 1, 0), units) | I94: 1/1 97153 | J94: =IF(L94="Level 1", VLOOKUP(I94, UserCodes!E:F, 2, FALSE) * H94, IF(L94="Level 2", VLOOKUP(I94, UserCodes!E:F, 2, FALSE) * H94 * 0.8, 0)) | K94: Barqab, Mushtaq | L94: =VLOOKUP(K94, UserCodes!A:B, 2, FALSE)
A95: Yusuf, Khadija | B95: 46004 | C95: 10:30 AM - 01:30 PM | D95: 03:00 | E95: =HOUR(D95)+MINUTE(D95)/100 | F95: =ROUND(INT(E95) + (E95 - INT(E95)) * 100 / 60, 2) | G95: =E95*4 | H95: =LET(total, INT(E95)*60 + (E95-INT(E95))*100, blocks, QUOTIENT(total, 15), extra, MOD(total, 15), units, blocks + IF(extra>=8, 1, 0), units) | I95: 1/1 97153 | J95: =IF(L95="Level 1", VLOOKUP(I95, UserCodes!E:F, 2, FALSE) * H95, IF(L95="Level 2", VLOOKUP(I95, UserCodes!E:F, 2, FALSE) * H95 * 0.8, 0)) | K95: Ibrahim, Ahmed | L95: =VLOOKUP(K95, UserCodes!A:B, 2, FALSE)
A96: Yusuf, Khadija | B96: 46004 | C96: 09:00 AM - 02:00 PM | D96: 05:00 | E96: =HOUR(D96)+MINUTE(D96)/100 | F96: =ROUND(INT(E96) + (E96 - INT(E96)) * 100 / 60, 2) | G96: =E96*4 | H96: =LET(total, INT(E96)*60 + (E96-INT(E96))*100, blocks, QUOTIENT(total, 15), extra, MOD(total, 15), units, blocks + IF(extra>=8, 1, 0), units) | I96: 1/1 97153 | J96: =IF(L96="Level 1", VLOOKUP(I96, UserCodes!E:F, 2, FALSE) * H96, IF(L96="Level 2", VLOOKUP(I96, UserCodes!E:F, 2, FALSE) * H96 * 0.8, 0)) | K96: Barqab, Mushtaq | L96: =VLOOKUP(K96, UserCodes!A:B, 2, FALSE)
A97: Abdulkadir, Nadra | B97: 46005 | C97: 09:30 AM - 11:45 AM | D97: 02:15 | E97: =HOUR(D97)+MINUTE(D97)/100 | F97: =ROUND(INT(E97) + (E97 - INT(E97)) * 100 / 60, 2) | G97: =E97*4 | H97: =LET(total, INT(E97)*60 + (E97-INT(E97))*100, blocks, QUOTIENT(total, 15), extra, MOD(total, 15), units, blocks + IF(extra>=8, 1, 0), units) | J97: =IF(L97="Level 1", VLOOKUP(I97, UserCodes!E:F, 2, FALSE) * H97, IF(L97="Level 2", VLOOKUP(I97, UserCodes!E:F, 2, FALSE) * H97 * 0.8, 0)) | K97: Ahmed, Jama | L97: =VLOOKUP(K97, UserCodes!A:B, 2, FALSE) | M97: No schedule
A98: Abdullahi, Abdirahman | B98: 46005 | C98: 12:50 PM - 03:30 PM | D98: 02:40 | E98: =HOUR(D98)+MINUTE(D98)/100 | F98: =ROUND(INT(E98) + (E98 - INT(E98)) * 100 / 60, 2) | G98: =E98*4 | H98: =LET(total, INT(E98)*60 + (E98-INT(E98))*100, blocks, QUOTIENT(total, 15), extra, MOD(total, 15), units, blocks + IF(extra>=8, 1, 0), units) | J98: =IF(L98="Level 1", VLOOKUP(I98, UserCodes!E:F, 2, FALSE) * H98, IF(L98="Level 2", VLOOKUP(I98, UserCodes!E:F, 2, FALSE) * H98 * 0.8, 0)) | K98: Ahmed, Jama | L98: =VLOOKUP(K98, UserCodes!A:B, 2, FALSE) | M98: No schedule
A99: Omar, Abdiweli | B99: 46005 | C99: 01:00 PM - 05:00 PM | D99: 04:00 | E99: =HOUR(D99)+MINUTE(D99)/100 | F99: =ROUND(INT(E99) + (E99 - INT(E99)) * 100 / 60, 2) | G99: =E99*4 | H99: =LET(total, INT(E99)*60 + (E99-INT(E99))*100, blocks, QUOTIENT(total, 15), extra, MOD(total, 15), units, blocks + IF(extra>=8, 1, 0), units) | J99: =IF(L99="Level 1", VLOOKUP(I99, UserCodes!E:F, 2, FALSE) * H99, IF(L99="Level 2", VLOOKUP(I99, UserCodes!E:F, 2, FALSE) * H99 * 0.8, 0)) | K99: Webi3, Amina | L99: =VLOOKUP(K99, UserCodes!A:B, 2, FALSE) | M99: No schedule
A100: Abdi, Mohamed | B100: 46006 | C100: 03:00 PM - 08:00 PM | D100: 05:00 | E100: =HOUR(D100)+MINUTE(D100)/100 | F100: =ROUND(INT(E100) + (E100 - INT(E100)) * 100 / 60, 2) | G100: =E100*4 | H100: =LET(total, INT(E100)*60 + (E100-INT(E100))*100, blocks, QUOTIENT(total, 15), extra, MOD(total, 15), units, blocks + IF(extra>=8, 1, 0), units) | I100: 1/1 97153 | J100: =IF(L100="Level 1", VLOOKUP(I100, UserCodes!E:F, 2, FALSE) * H100, IF(L100="Level 2", VLOOKUP(I100, UserCodes!E:F, 2, FALSE) * H100 * 0.8, 0)) | K100: Omar, Mohamed | L100: =VLOOKUP(K100, UserCodes!A:B, 2, FALSE)
A101: Abdulkadir, Nadra | B101: 46006 | C101: 12:00 PM - 03:00 PM | D101: 03:00 | E101: =HOUR(D101)+MINUTE(D101)/100 | F101: =ROUND(INT(E101) + (E101 - INT(E101)) * 100 / 60, 2) | G101: =E101*4 | H101: =LET(total, INT(E101)*60 + (E101-INT(E101))*100, blocks, QUOTIENT(total, 15), extra, MOD(total, 15), units, blocks + IF(extra>=8, 1, 0), units) | I101: O&D 97155 | J101: =IF(L101="Level 1", VLOOKUP(I101, UserCodes!E:F, 2, FALSE) * H101, IF(L101="Level 2", VLOOKUP(I101, UserCodes!E:F, 2, FALSE) * H101 * 0.8, 0)) | K101: Mohamed, Madar | L101: =VLOOKUP(K101, UserCodes!A:B, 2, FALSE)
...

Sheet Abdulkadir, Nadra
A1: Student | B1: Service Date | C1: Session Time | D1: Session Duration | E1: Hours | F1: Pay | G1: Units | H1: FNF | I1: Code | J1: Charged Amount | K1: User | L1: Level | M1: Note | N1: Unbilled notes | O1: Expiration Date
A2: Abdulkadir, Nadra | B2: 46001 | C2: 01:00 PM - 03:00 PM | D2: 02:00 | E2: =HOUR(D2)+MINUTE(D2)/100 | F2: =ROUND(INT(E2) + (E2 - INT(E2)) * 100 / 60, 2) | G2: =E2*4 | H2: =LET(total, INT(E2)*60 + (E2-INT(E2))*100, blocks, QUOTIENT(total, 15), extra, MOD(total, 15), units, blocks + IF(extra>=8, 1, 0), units) | I2: O&D 97155 | J2: =IF(L2="Level 1", VLOOKUP(I2, UserCodes!E:F, 2, FALSE) * H2, IF(L2="Level 2", VLOOKUP(I2, UserCodes!E:F, 2, FALSE) * H2 * 0.8, 0)) | K2: Mohamed, Madar | L2: =VLOOKUP(K2, UserCodes!A:B, 2, FALSE)
A3: Abdulkadir, Nadra | B3: 46001 | C3: 01:30 PM - 06:30 PM | D3: 05:00 | E3: =HOUR(D3)+MINUTE(D3)/100 | F3: =ROUND(INT(E3) + (E3 - INT(E3)) * 100 / 60, 2) | G3: =E3*4 | H3: =LET(total, INT(E3)*60 + (E3-INT(E3))*100, blocks, QUOTIENT(total, 15), extra, MOD(total, 15), units, blocks + IF(extra>=8, 1, 0), units) | I3: 1/1 97153 | J3: =IF(L3="Level 1", VLOOKUP(I3, UserCodes!E:F, 2, FALSE) * H3, IF(L3="Level 2", VLOOKUP(I3, UserCodes!E:F, 2, FALSE) * H3 * 0.8, 0)) | K3: ALI, AMIRA | L3: =VLOOKUP(K3, UserCodes!A:B, 2, FALSE)
A4: Abdulkadir, Nadra | B4: 46001 | C4: 01:30 PM - 03:50 PM | D4: 02:20 | E4: =HOUR(D4)+MINUTE(D4)/100 | F4: =ROUND(INT(E4) + (E4 - INT(E4)) * 100 / 60, 2) | G4: =E4*4 | H4: =LET(total, INT(E4)*60 + (E4-INT(E4))*100, blocks, QUOTIENT(total, 15), extra, MOD(total, 15), units, blocks + IF(extra>=8, 1, 0), units) | J4: =IF(L4="Level 1", VLOOKUP(I4, UserCodes!E:F, 2, FALSE) * H4, IF(L4="Level 2", VLOOKUP(I4, UserCodes!E:F, 2, FALSE) * H4 * 0.8, 0)) | K4: Ahmed, Jama | L4: =VLOOKUP(K4, UserCodes!A:B, 2, FALSE) | M4: No schedule
A5: Abdulkadir, Nadra | B5: 46001 | C5: 01:30 PM - 05:00 PM | D5: 03:30 | E5: =HOUR(D5)+MINUTE(D5)/100 | F5: =ROUND(INT(E5) + (E5 - INT(E5)) * 100 / 60, 2) | G5: =E5*4 | H5: =LET(total, INT(E5)*60 + (E5-INT(E5))*100, blocks, QUOTIENT(total, 15), extra, MOD(total, 15), units, blocks + IF(extra>=8, 1, 0), units) | I5: O&D 97155 | J5: =IF(L5="Level 1", VLOOKUP(I5, UserCodes!E:F, 2, FALSE) * H5, IF(L5="Level 2", VLOOKUP(I5, UserCodes!E:F, 2, FALSE) * H5 * 0.8, 0)) | K5: Mohamed, Madar | L5: =VLOOKUP(K5, UserCodes!A:B, 2, FALSE)
A6: Abdulkadir, Nadra | B6: 46002 | C6: 01:30 PM - 06:30 PM | D6: 05:00 | E6: =HOUR(D6)+MINUTE(D6)/100 | F6: =ROUND(INT(E6) + (E6 - INT(E6)) * 100 / 60, 2) | G6: =E6*4 | H6: =LET(total, INT(E6)*60 + (E6-INT(E6))*100, blocks, QUOTIENT(total, 15), extra, MOD(total, 15), units, blocks + IF(extra>=8, 1, 0), units) | I6: 1/1 97153 | J6: =IF(L6="Level 1", VLOOKUP(I6, UserCodes!E:F, 2, FALSE) * H6, IF(L6="Level 2", VLOOKUP(I6, UserCodes!E:F, 2, FALSE) * H6 * 0.8, 0)) | K6: Ali, Nasteho | L6: =VLOOKUP(K6, UserCodes!A:B, 2, FALSE)
A7: Abdulkadir, Nadra | B7: 46002 | C7: 11:30am - 02:30pm | E7: =HOUR(D7)+MINUTE(D7)/100 | F7: =ROUND(INT(E7) + (E7 - INT(E7)) * 100 / 60, 2) | G7: =E7*4 | H7: =LET(total, INT(E7)*60 + (E7-INT(E7))*100, blocks, QUOTIENT(total, 15), extra, MOD(total, 15), units, blocks + IF(extra>=8, 1, 0), units) | I7: O&D 97155 | J7: =IF(L7="Level 1", VLOOKUP(I7, UserCodes!E:F, 2, FALSE) * H7, IF(L7="Level 2", VLOOKUP(I7, UserCodes!E:F, 2, FALSE) * H7 * 0.8, 0)) | K7: mohamed, Madar | L7: =VLOOKUP(K7, UserCodes!A:B, 2, FALSE) | M7: No note
A8: Abdulkadir, Nadra | B8: 46003 | C8: 01:00 PM - 04:30 PM | D8: 03:30 | E8: =HOUR(D8)+MINUTE(D8)/100 | F8: =ROUND(INT(E8) + (E8 - INT(E8)) * 100 / 60, 2) | G8: =E8*4 | H8: =LET(total, INT(E8)*60 + (E8-INT(E8))*100, blocks, QUOTIENT(total, 15), extra, MOD(total, 15), units, blocks + IF(extra>=8, 1, 0), units) | I8: O&D 97155 | J8: =IF(L8="Level 1", VLOOKUP(I8, UserCodes!E:F, 2, FALSE) * H8, IF(L8="Level 2", VLOOKUP(I8, UserCodes!E:F, 2, FALSE) * H8 * 0.8, 0)) | K8: Mohamed, Madar | L8: =VLOOKUP(K8, UserCodes!A:B, 2, FALSE)
A9: Abdulkadir, Nadra | B9: 46003 | C9: 01:30 PM - 06:30 PM | D9: 05:00 | E9: =HOUR(D9)+MINUTE(D9)/100 | F9: =ROUND(INT(E9) + (E9 - INT(E9)) * 100 / 60, 2) | G9: =E9*4 | H9: =LET(total, INT(E9)*60 + (E9-INT(E9))*100, blocks, QUOTIENT(total, 15), extra, MOD(total, 15), units, blocks + IF(extra>=8, 1, 0), units) | I9: 1/1 97153 | J9: =IF(L9="Level 1", VLOOKUP(I9, UserCodes!E:F, 2, FALSE) * H9, IF(L9="Level 2", VLOOKUP(I9, UserCodes!E:F, 2, FALSE) * H9 * 0.8, 0)) | K9: Ali, Nasteho | L9: =VLOOKUP(K9, UserCodes!A:B, 2, FALSE)
A10: Abdulkadir, Nadra | B10: 46004 | C10: 12:30 PM - 05:00 PM | D10: 04:30 | E10: =HOUR(D10)+MINUTE(D10)/100 | F10: =ROUND(INT(E10) + (E10 - INT(E10)) * 100 / 60, 2) | G10: =E10*4 | H10: =LET(total, INT(E10)*60 + (E10-INT(E10))*100, blocks, QUOTIENT(total, 15), extra, MOD(total, 15), units, blocks + IF(extra>=8, 1, 0), units) | I10: 1/1 97153 | J10: =IF(L10="Level 1", VLOOKUP(I10, UserCodes!E:F, 2, FALSE) * H10, IF(L10="Level 2", VLOOKUP(I10, UserCodes!E:F, 2, FALSE) * H10 * 0.8, 0)) | K10: ALI, AMIRA | L10: =VLOOKUP(K10, UserCodes!A:B, 2, FALSE)
A11: Abdulkadir, Nadra | B11: 46004 | C11: 10:00 AM - 01:00 PM | D11: 03:00 | E11: =HOUR(D11)+MINUTE(D11)/100 | F11: =ROUND(INT(E11) + (E11 - INT(E11)) * 100 / 60, 2) | G11: =E11*4 | H11: =LET(total, INT(E11)*60 + (E11-INT(E11))*100, blocks, QUOTIENT(total, 15), extra, MOD(total, 15), units, blocks + IF(extra>=8, 1, 0), units) | I11: O&D 97155 | J11: =IF(L11="Level 1", VLOOKUP(I11, UserCodes!E:F, 2, FALSE) * H11, IF(L11="Level 2", VLOOKUP(I11, UserCodes!E:F, 2, FALSE) * H11 * 0.8, 0)) | K11: Mohamed, Madar | L11: =VLOOKUP(K11, UserCodes!A:B, 2, FALSE)
A12: Abdulkadir, Nadra | B12: 46004 | C12: 09:00 AM - 12:00 PM | D12: 03:00 | E12: =HOUR(D12)+MINUTE(D12)/100 | F12: =ROUND(INT(E12) + (E12 - INT(E12)) * 100 / 60, 2) | G12: =E12*4 | H12: =LET(total, INT(E12)*60 + (E12-INT(E12))*100, blocks, QUOTIENT(total, 15), extra, MOD(total, 15), units, blocks + IF(extra>=8, 1, 0), units) | I12: 1/1 97153 | J12: =IF(L12="Level 1", VLOOKUP(I12, UserCodes!E:F, 2, FALSE) * H12, IF(L12="Level 2", VLOOKUP(I12, UserCodes!E:F, 2, FALSE) * H12 * 0.8, 0)) | K12: ALI, AMIRA | L12: =VLOOKUP(K12, UserCodes!A:B, 2, FALSE)
A13: Abdulkadir, Nadra | B13: 46005 | C13: 09:30 AM - 11:45 AM | D13: 02:15 | E13: =HOUR(D13)+MINUTE(D13)/100 | F13: =ROUND(INT(E13) + (E13 - INT(E13)) * 100 / 60, 2) | G13: =E13*4 | H13: =LET(total, INT(E13)*60 + (E13-INT(E13))*100, blocks, QUOTIENT(total, 15), extra, MOD(total, 15), units, blocks + IF(extra>=8, 1, 0), units) | J13: =IF(L13="Level 1", VLOOKUP(I13, UserCodes!E:F, 2, FALSE) * H13, IF(L13="Level 2", VLOOKUP(I13, UserCodes!E:F, 2, FALSE) * H13 * 0.8, 0)) | K13: Ahmed, Jama | L13: =VLOOKUP(K13, UserCodes!A:B, 2, FALSE) | M13: No schedule
A14: Abdulkadir, Nadra | B14: 46006 | C14: 12:00 PM - 03:00 PM | D14: 03:00 | E14: =HOUR(D14)+MINUTE(D14)/100 | F14: =ROUND(INT(E14) + (E14 - INT(E14)) * 100 / 60, 2) | G14: =E14*4 | H14: =LET(total, INT(E14)*60 + (E14-INT(E14))*100, blocks, QUOTIENT(total, 15), extra, MOD(total, 15), units, blocks + IF(extra>=8, 1, 0), units) | I14: O&D 97155 | J14: =IF(L14="Level 1", VLOOKUP(I14, UserCodes!E:F, 2, FALSE) * H14, IF(L14="Level 2", VLOOKUP(I14, UserCodes!E:F, 2, FALSE) * H14 * 0.8, 0)) | K14: Mohamed, Madar | L14: =VLOOKUP(K14, UserCodes!A:B, 2, FALSE)
A15: Abdulkadir, Nadra | B15: 46006 | C15: 11:30 AM - 06:30 PM | D15: 07:00 | E15: =HOUR(D15)+MINUTE(D15)/100 | F15: =ROUND(INT(E15) + (E15 - INT(E15)) * 100 / 60, 2) | G15: =E15*4 | H15: =LET(total, INT(E15)*60 + (E15-INT(E15))*100, blocks, QUOTIENT(total, 15), extra, MOD(total, 15), units, blocks + IF(extra>=8, 1, 0), units) | I15: 1/1 97153 | J15: =IF(L15="Level 1", VLOOKUP(I15, UserCodes!E:F, 2, FALSE) * H15, IF(L15="Level 2", VLOOKUP(I15, UserCodes!E:F, 2, FALSE) * H15 * 0.8, 0)) | K15: ALI, AMIRA | L15: =VLOOKUP(K15, UserCodes!A:B, 2, FALSE)
A16: Abdulkadir, Nadra | B16: 46007 | C16: 04:00 PM - 06:20 PM | D16: 02:20 | E16: =HOUR(D16)+MINUTE(D16)/100 | F16: =ROUND(INT(E16) + (E16 - INT(E16)) * 100 / 60, 2) | G16: =E16*4 | H16: =LET(total, INT(E16)*60 + (E16-INT(E16))*100, blocks, QUOTIENT(total, 15), extra, MOD(total, 15), units, blocks + IF(extra>=8, 1, 0), units) | I16: 1/1 97153 | J16: =IF(L16="Level 1", VLOOKUP(I16, UserCodes!E:F, 2, FALSE) * H16, IF(L16="Level 2", VLOOKUP(I16, UserCodes!E:F, 2, FALSE) * H16 * 0.8, 0)) | K16: Muse, Ayni | L16: =VLOOKUP(K16, UserCodes!A:B, 2, FALSE)
A17: Abdulkadir, Nadra | B17: 46007 | C17: 01:30 PM - 04:00 PM | D17: 02:30 | E17: =HOUR(D17)+MINUTE(D17)/100 | F17: =ROUND(INT(E17) + (E17 - INT(E17)) * 100 / 60, 2) | G17: =E17*4 | H17: =LET(total, INT(E17)*60 + (E17-INT(E17))*100, blocks, QUOTIENT(total, 15), extra, MOD(total, 15), units, blocks + IF(extra>=8, 1, 0), units) | I17: O&D 97155 | J17: =IF(L17="Level 1", VLOOKUP(I17, UserCodes!E:F, 2, FALSE) * H17, IF(L17="Level 2", VLOOKUP(I17, UserCodes!E:F, 2, FALSE) * H17 * 0.8, 0)) | K17: Mohamed, Madar | L17: =VLOOKUP(K17, UserCodes!A:B, 2, FALSE)
A18: Abdulkadir, Nadra | B18: 46007 | C18: 01:30 PM - 04:00 PM | D18: 02:30 | E18: =HOUR(D18)+MINUTE(D18)/100 | F18: =ROUND(INT(E18) + (E18 - INT(E18)) * 100 / 60, 2) | G18: =E18*4 | H18: =LET(total, INT(E18)*60 + (E18-INT(E18))*100, blocks, QUOTIENT(total, 15), extra, MOD(total, 15), units, blocks + IF(extra>=8, 1, 0), units) | I18: 1/1 97153 | J18: =IF(L18="Level 1", VLOOKUP(I18, UserCodes!E:F, 2, FALSE) * H18, IF(L18="Level 2", VLOOKUP(I18, UserCodes!E:F, 2, FALSE) * H18 * 0.8, 0)) | K18: Ali, Nasteho | L18: =VLOOKUP(K18, UserCodes!A:B, 2, FALSE)
A19: Abdulkadir, Nadra | B19: 46008 | C19: 01:30 PM - 04:30 PM | D19: 03:00 | E19: =HOUR(D19)+MINUTE(D19)/100 | F19: =ROUND(INT(E19) + (E19 - INT(E19)) * 100 / 60, 2) | G19: =E19*4 | H19: =LET(total, INT(E19)*60 + (E19-INT(E19))*100, blocks, QUOTIENT(total, 15), extra, MOD(total, 15), units, blocks + IF(extra>=8, 1, 0), units) | I19: O&D 97155 | J19: =IF(L19="Level 1", VLOOKUP(I19, UserCodes!E:F, 2, FALSE) * H19, IF(L19="Level 2", VLOOKUP(I19, UserCodes!E:F, 2, FALSE) * H19 * 0.8, 0)) | K19: Mohamed, Madar | L19: =VLOOKUP(K19, UserCodes!A:B, 2, FALSE)
A20: Abdulkadir, Nadra | B20: 46008 | C20: 01:30 PM - 06:30 PM | D20: 05:00 | E20: =HOUR(D20)+MINUTE(D20)/100 | F20: =ROUND(INT(E20) + (E20 - INT(E20)) * 100 / 60, 2) | G20: =E20*4 | H20: =LET(total, INT(E20)*60 + (E20-INT(E20))*100, blocks, QUOTIENT(total, 15), extra, MOD(total, 15), units, blocks + IF(extra>=8, 1, 0), units) | I20: 1/1 97153 | J20: =IF(L20="Level 1", VLOOKUP(I20, UserCodes!E:F, 2, FALSE) * H20, IF(L20="Level 2", VLOOKUP(I20, UserCodes!E:F, 2, FALSE) * H20 * 0.8, 0)) | K20: ALI, AMIRA | L20: =VLOOKUP(K20, UserCodes!A:B, 2, FALSE)
A21: Abdulkadir, Nadra | B21: 46009 | C21: 12:00 PM - 03:00 PM | D21: 03:00 | E21: =HOUR(D21)+MINUTE(D21)/100 | F21: =ROUND(INT(E21) + (E21 - INT(E21)) * 100 / 60, 2) | G21: =E21*4 | H21: =LET(total, INT(E21)*60 + (E21-INT(E21))*100, blocks, QUOTIENT(total, 15), extra, MOD(total, 15), units, blocks + IF(extra>=8, 1, 0), units) | I21: O&D 97155 | J21: =IF(L21="Level 1", VLOOKUP(I21, UserCodes!E:F, 2, FALSE) * H21, IF(L21="Level 2", VLOOKUP(I21, UserCodes!E:F, 2, FALSE) * H21 * 0.8, 0)) | K21: Mohamed, Madar | L21: =VLOOKUP(K21, UserCodes!A:B, 2, FALSE)
A22: Abdulkadir, Nadra | B22: 46009 | C22: 11:00 AM - 06:30 PM | D22: 07:30 | E22: =HOUR(D22)+MINUTE(D22)/100 | F22: =ROUND(INT(E22) + (E22 - INT(E22)) * 100 / 60, 2) | G22: =E22*4 | H22: =LET(total, INT(E22)*60 + (E22-INT(E22))*100, blocks, QUOTIENT(total, 15), extra, MOD(total, 15), units, blocks + IF(extra>=8, 1, 0), units) | I22: 1/1 97153 | J22: =IF(L22="Level 1", VLOOKUP(I22, UserCodes!E:F, 2, FALSE) * H22, IF(L22="Level 2", VLOOKUP(I22, UserCodes!E:F, 2, FALSE) * H22 * 0.8, 0)) | K22: Ran, Sameya | L22: =VLOOKUP(K22, UserCodes!A:B, 2, FALSE)
A23: Abdulkadir, Nadra | B23: 46010 | C23: 01:30 PM - 04:00 PM | D23: 02:30 | E23: =HOUR(D23)+MINUTE(D23)/100 | F23: =ROUND(INT(E23) + (E23 - INT(E23)) * 100 / 60, 2) | G23: =E23*4 | H23: =LET(total, INT(E23)*60 + (E23-INT(E23))*100, blocks, QUOTIENT(total, 15), extra, MOD(total, 15), units, blocks + IF(extra>=8, 1, 0), units) | I23: O&D 97155 | J23: =IF(L23="Level 1", VLOOKUP(I23, UserCodes!E:F, 2, FALSE) * H23, IF(L23="Level 2", VLOOKUP(I23, UserCodes!E:F, 2, FALSE) * H23 * 0.8, 0)) | K23: Mohamed, Madar | L23: =VLOOKUP(K23, UserCodes!A:B, 2, FALSE)
A24: Abdulkadir, Nadra | B24: 46010 | C24: 01:30 PM - 04:00 PM | D24: 02:30 | E24: =HOUR(D24)+MINUTE(D24)/100 | F24: =ROUND(INT(E24) + (E24 - INT(E24)) * 100 / 60, 2) | G24: =E24*4 | H24: =LET(total, INT(E24)*60 + (E24-INT(E24))*100, blocks, QUOTIENT(total, 15), extra, MOD(total, 15), units, blocks + IF(extra>=8, 1, 0), units) | I24: 1/1 97153 | J24: =IF(L24="Level 1", VLOOKUP(I24, UserCodes!E:F, 2, FALSE) * H24, IF(L24="Level 2", VLOOKUP(I24, UserCodes!E:F, 2, FALSE) * H24 * 0.8, 0)) | K24: Ali, Nasteho | L24: =VLOOKUP(K24, UserCodes!A:B, 2, FALSE)
A25: Abdulkadir, Nadra | B25: 46010 | C25: 04:00 PM - 06:30 PM | D25: 02:30 | E25: =HOUR(D25)+MINUTE(D25)/100 | F25: =ROUND(INT(E25) + (E25 - INT(E25)) * 100 / 60, 2) | G25: =E25*4 | H25: =LET(total, INT(E25)*60 + (E25-INT(E25))*100, blocks, QUOTIENT(total, 15), extra, MOD(total, 15), units, blocks + IF(extra>=8, 1, 0), units) | I25: 1/1 97153 | J25: =IF(L25="Level 1", VLOOKUP(I25, UserCodes!E:F, 2, FALSE) * H25, IF(L25="Level 2", VLOOKUP(I25, UserCodes!E:F, 2, FALSE) * H25 * 0.8, 0)) | K25: Muse, Ayni | L25: =VLOOKUP(K25, UserCodes!A:B, 2, FALSE)
... A29: Abdulkadir, Nadra | B29: 46013 | C29: 11:30 AM - 04:00 PM | D29: 04:30 | E29: =HOUR(D29)+MINUTE(D29)/100 | F29: =ROUND(INT(E29) + (E29 - INT(E29)) * 100 / 60, 2) | G29: =E29*4 | H29: =LET(total, INT(E29)*60 + (E29-INT(E29))*100, blocks, QUOTIENT(total, 15), extra, MOD(total, 15), units, blocks + IF(extra>=8, 1, 0), units) | I29: 1/1 97153 | J29: =IF(L29="Level 1", VLOOKUP(I29, UserCodes!E:F, 2, FALSE) * H29, IF(L29="Level 2", VLOOKUP(I29, UserCodes!E:F, 2, FALSE) * H29 * 0.8, 0)) | K29: ALI, AMIRA | L29: =VLOOKUP(K29, UserCodes!A:B, 2, FALSE)
A30: Abdulkadir, Nadra | B30: 46013 | C30: 01:00 PM - 03:15 PM | D30: 02:15 | E30: =HOUR(D30)+MINUTE(D30)/100 | F30: =ROUND(INT(E30) + (E30 - INT(E30)) * 100 / 60, 2) | G30: =E30*4 | H30: =LET(total, INT(E30)*60 + (E30-INT(E30))*100, blocks, QUOTIENT(total, 15), extra, MOD(total, 15), units, blocks + IF(extra>=8, 1, 0), units) | J30: =IF(L30="Level 1", VLOOKUP(I30, UserCodes!E:F, 2, FALSE) * H30, IF(L30="Level 2", VLOOKUP(I30, UserCodes!E:F, 2, FALSE) * H30 * 0.8, 0)) | K30: Ahmed, Jama | L30: =VLOOKUP(K30, UserCodes!A:B, 2, FALSE) | M30: No schedule
A31: Abdulkadir, Nadra | B31: 46014 | C31: 01:30 PM - 04:30 PM | D31: 03:00 | E31: =HOUR(D31)+MINUTE(D31)/100 | F31: =ROUND(INT(E31) + (E31 - INT(E31)) * 100 / 60, 2) | G31: =E31*4 | H31: =LET(total, INT(E31)*60 + (E31-INT(E31))*100, blocks, QUOTIENT(total, 15), extra, MOD(total, 15), units, blocks + IF(extra>=8, 1, 0), units) | I31: O&D 97155 | J31: =IF(L31="Level 1", VLOOKUP(I31, UserCodes!E:F, 2, FALSE) * H31, IF(L31="Level 2", VLOOKUP(I31, UserCodes!E:F, 2, FALSE) * H31 * 0.8, 0)) | K31: Mohamed, Madar | L31: =VLOOKUP(K31, UserCodes!A:B, 2, FALSE)
A32: Abdulkadir, Nadra | B32: 46014 | C32: 01:30 PM - 06:30 PM | D32: 05:00 | E32: =HOUR(D32)+MINUTE(D32)/100 | F32: =ROUND(INT(E32) + (E32 - INT(E32)) * 100 / 60, 2) | G32: =E32*4 | H32: =LET(total, INT(E32)*60 + (E32-INT(E32))*100, blocks, QUOTIENT(total, 15), extra, MOD(total, 15), units, blocks + IF(extra>=8, 1, 0), units) | I32: 1/1 97153 | J32: =IF(L32="Level 1", VLOOKUP(I32, UserCodes!E:F, 2, FALSE) * H32, IF(L32="Level 2", VLOOKUP(I32, UserCodes!E:F, 2, FALSE) * H32 * 0.8, 0)) | K32: Hashi, Ridwan | L32: =VLOOKUP(K32, UserCodes!A:B, 2, FALSE)

Sheet Yusuf, Khadija
A1: Student | B1: Service Date | C1: Session Time | D1: Session Duration | E1: Hours | F1: Pay | G1: Units | H1: FNF | I1: Code | J1: Charged Amount | K1: User | L1: Level | M1: Note | N1: Unbilled notes | O1: Expiration Date
A2: Yusuf, Khadija | B2: 46001 | C2: 01:00 PM - 05:30 PM | D2: 04:30 | E2: =HOUR(D2)+MINUTE(D2)/100 | F2: =ROUND(INT(E2) + (E2 - INT(E2)) * 100 / 60, 2) | G2: =E2*4 | H2: =LET(total, INT(E2)*60 + (E2-INT(E2))*100, blocks, QUOTIENT(total, 15), extra, MOD(total, 15), units, blocks + IF(extra>=8, 1, 0), units) | I2: 1/1 97153 | J2: =IF(L2="Level 1", VLOOKUP(I2, UserCodes!E:F, 2, FALSE) * H2, IF(L2="Level 2", VLOOKUP(I2, UserCodes!E:F, 2, FALSE) * H2 * 0.8, 0)) | K2: Ali, Naima | L2: =VLOOKUP(K2, UserCodes!A:B, 2, FALSE)
A3: Yusuf, Khadija | B3: 46001 | C3: 01:00 PM - 04:00 PM | D3: 03:00 | E3: =HOUR(D3)+MINUTE(D3)/100 | F3: =ROUND(INT(E3) + (E3 - INT(E3)) * 100 / 60, 2) | G3: =E3*4 | H3: =LET(total, INT(E3)*60 + (E3-INT(E3))*100, blocks, QUOTIENT(total, 15), extra, MOD(total, 15), units, blocks + IF(extra>=8, 1, 0), units) | I3: O&D 97155 | J3: =IF(L3="Level 1", VLOOKUP(I3, UserCodes!E:F, 2, FALSE) * H3, IF(L3="Level 2", VLOOKUP(I3, UserCodes!E:F, 2, FALSE) * H3 * 0.8, 0)) | K3: Muse, Ayni | L3: =VLOOKUP(K3, UserCodes!A:B, 2, FALSE)
A4: Yusuf, Khadija | B4: 46002 | C4: 01:00 PM - 06:00 PM | D4: 05:00 | E4: =HOUR(D4)+MINUTE(D4)/100 | F4: =ROUND(INT(E4) + (E4 - INT(E4)) * 100 / 60, 2) | G4: =E4*4 | H4: =LET(total, INT(E4)*60 + (E4-INT(E4))*100, blocks, QUOTIENT(total, 15), extra, MOD(total, 15), units, blocks + IF(extra>=8, 1, 0), units) | I4: 1/1 97153 | J4: =IF(L4="Level 1", VLOOKUP(I4, UserCodes!E:F, 2, FALSE) * H4, IF(L4="Level 2", VLOOKUP(I4, UserCodes!E:F, 2, FALSE) * H4 * 0.8, 0)) | K4: Ran, Sameya | L4: =VLOOKUP(K4, UserCodes!A:B, 2, FALSE)
A5: Yusuf, Khadija | B5: 46002 | C5: 01:00 PM - 04:00 PM | D5: 03:00 | E5: =HOUR(D5)+MINUTE(D5)/100 | F5: =ROUND(INT(E5) + (E5 - INT(E5)) * 100 / 60, 2) | G5: =E5*4 | H5: =LET(total, INT(E5)*60 + (E5-INT(E5))*100, blocks, QUOTIENT(total, 15), extra, MOD(total, 15), units, blocks + IF(extra>=8, 1, 0), units) | I5: 1/1 97153 | J5: =IF(L5="Level 1", VLOOKUP(I5, UserCodes!E:F, 2, FALSE) * H5, IF(L5="Level 2", VLOOKUP(I5, UserCodes!E:F, 2, FALSE) * H5 * 0.8, 0)) | K5: Noor, Kamilo | L5: =VLOOKUP(K5, UserCodes!A:B, 2, FALSE)
A6: Yusuf, Khadija | B6: 46003 | C6: 02:00 PM - 05:00 PM | D6: 03:00 | E6: =HOUR(D6)+MINUTE(D6)/100 | F6: =ROUND(INT(E6) + (E6 - INT(E6)) * 100 / 60, 2) | G6: =E6*4 | H6: =LET(total, INT(E6)*60 + (E6-INT(E6))*100, blocks, QUOTIENT(total, 15), extra, MOD(total, 15), units, blocks + IF(extra>=8, 1, 0), units) | I6: O&D 97155 | J6: =IF(L6="Level 1", VLOOKUP(I6, UserCodes!E:F, 2, FALSE) * H6, IF(L6="Level 2", VLOOKUP(I6, UserCodes!E:F, 2, FALSE) * H6 * 0.8, 0)) | K6: Noor, Kamilo | L6: =VLOOKUP(K6, UserCodes!A:B, 2, FALSE)
A7: Yusuf, Khadija | B7: 46003 | C7: 01:00 PM - 06:00 PM | D7: 05:00 | E7: =HOUR(D7)+MINUTE(D7)/100 | F7: =ROUND(INT(E7) + (E7 - INT(E7)) * 100 / 60, 2) | G7: =E7*4 | H7: =LET(total, INT(E7)*60 + (E7-INT(E7))*100, blocks, QUOTIENT(total, 15), extra, MOD(total, 15), units, blocks + IF(extra>=8, 1, 0), units) | I7: 1/1 97153 | J7: =IF(L7="Level 1", VLOOKUP(I7, UserCodes!E:F, 2, FALSE) * H7, IF(L7="Level 2", VLOOKUP(I7, UserCodes!E:F, 2, FALSE) * H7 * 0.8, 0)) | K7: Hashi, Ridwan | L7: =VLOOKUP(K7, UserCodes!A:B, 2, FALSE)
A8: Yusuf, Khadija | B8: 46004 | C8: 02:00 PM - 02:30 PM | D8: 00:30 | E8: =HOUR(D8)+MINUTE(D8)/100 | F8: =ROUND(INT(E8) + (E8 - INT(E8)) * 100 / 60, 2) | G8: =E8*4 | H8: =LET(total, INT(E8)*60 + (E8-INT(E8))*100, blocks, QUOTIENT(total, 15), extra, MOD(total, 15), units, blocks + IF(extra>=8, 1, 0), units) | I8: 1/1 97153 | J8: =IF(L8="Level 1", VLOOKUP(I8, UserCodes!E:F, 2, FALSE) * H8, IF(L8="Level 2", VLOOKUP(I8, UserCodes!E:F, 2, FALSE) * H8 * 0.8, 0)) | K8: Ibrahim, Ahmed | L8: =VLOOKUP(K8, UserCodes!A:B, 2, FALSE)
A9: Yusuf, Khadija | B9: 46004 | C9: 02:30 PM - 05:00 PM | D9: 02:30 | E9: =HOUR(D9)+MINUTE(D9)/100 | F9: =ROUND(INT(E9) + (E9 - INT(E9)) * 100 / 60, 2) | G9: =E9*4 | H9: =LET(total, INT(E9)*60 + (E9-INT(E9))*100, blocks, QUOTIENT(total, 15), extra, MOD(total, 15), units, blocks + IF(extra>=8, 1, 0), units) | I9: 1/1 97153 | J9: =IF(L9="Level 1", VLOOKUP(I9, UserCodes!E:F, 2, FALSE) * H9, IF(L9="Level 2", VLOOKUP(I9, UserCodes!E:F, 2, FALSE) * H9 * 0.8, 0)) | K9: Barqab, Mushtaq | L9: =VLOOKUP(K9, UserCodes!A:B, 2, FALSE)
A10: Yusuf, Khadija | B10: 46004 | C10: 10:30 AM - 01:30 PM | D10: 03:00 | E10: =HOUR(D10)+MINUTE(D10)/100 | F10: =ROUND(INT(E10) + (E10 - INT(E10)) * 100 / 60, 2) | G10: =E10*4 | H10: =LET(total, INT(E10)*60 + (E10-INT(E10))*100, blocks, QUOTIENT(total, 15), extra, MOD(total, 15), units, blocks + IF(extra>=8, 1, 0), units) | I10: 1/1 97153 | J10: =IF(L10="Level 1", VLOOKUP(I10, UserCodes!E:F, 2, FALSE) * H10, IF(L10="Level 2", VLOOKUP(I10, UserCodes!E:F, 2, FALSE) * H10 * 0.8, 0)) | K10: Ibrahim, Ahmed | L10: =VLOOKUP(K10, UserCodes!A:B, 2, FALSE)
A11: Yusuf, Khadija | B11: 46004 | C11: 09:00 AM - 02:00 PM | D11: 05:00 | E11: =HOUR(D11)+MINUTE(D11)/100 | F11: =ROUND(INT(E11) + (E11 - INT(E11)) * 100 / 60, 2) | G11: =E11*4 | H11: =LET(total, INT(E11)*60 + (E11-INT(E11))*100, blocks, QUOTIENT(total, 15), extra, MOD(total, 15), units, blocks + IF(extra>=8, 1, 0), units) | I11: 1/1 97153 | J11: =IF(L11="Level 1", VLOOKUP(I11, UserCodes!E:F, 2, FALSE) * H11, IF(L11="Level 2", VLOOKUP(I11, UserCodes!E:F, 2, FALSE) * H11 * 0.8, 0)) | K11: Barqab, Mushtaq | L11: =VLOOKUP(K11, UserCodes!A:B, 2, FALSE)
A12: Yusuf, Khadija | B12: 46006 | C12: 01:00 PM - 06:00 PM | D12: 05:00 | E12: =HOUR(D12)+MINUTE(D12)/100 | F12: =ROUND(INT(E12) + (E12 - INT(E12)) * 100 / 60, 2) | G12: =E12*4 | H12: =LET(total, INT(E12)*60 + (E12-INT(E12))*100, blocks, QUOTIENT(total, 15), extra, MOD(total, 15), units, blocks + IF(extra>=8, 1, 0), units) | I12: 1/1 97153 | J12: =IF(L12="Level 1", VLOOKUP(I12, UserCodes!E:F, 2, FALSE) * H12, IF(L12="Level 2", VLOOKUP(I12, UserCodes!E:F, 2, FALSE) * H12 * 0.8, 0)) | K12: Ali, Naima | L12: =VLOOKUP(K12, UserCodes!A:B, 2, FALSE)
A13: Yusuf, Khadija | B13: 46006 | C13: 10:00 AM - 12:00 PM | D13: 02:00 | E13: =HOUR(D13)+MINUTE(D13)/100 | F13: =ROUND(INT(E13) + (E13 - INT(E13)) * 100 / 60, 2) | G13: =E13*4 | H13: =LET(total, INT(E13)*60 + (E13-INT(E13))*100, blocks, QUOTIENT(total, 15), extra, MOD(total, 15), units, blocks + IF(extra>=8, 1, 0), units) | J13: =IF(L13="Level 1", VLOOKUP(I13, UserCodes!E:F, 2, FALSE) * H13, IF(L13="Level 2", VLOOKUP(I13, UserCodes!E:F, 2, FALSE) * H13 * 0.8, 0)) | K13: Ahmed, Jama | L13: =VLOOKUP(K13, UserCodes!A:B, 2, FALSE) | M13: No schedule
A14: Yusuf, Khadija | B14: 46006 | C14: 01:00 PM - 04:00 PM | D14: 03:00 | E14: =HOUR(D14)+MINUTE(D14)/100 | F14: =ROUND(INT(E14) + (E14 - INT(E14)) * 100 / 60, 2) | G14: =E14*4 | H14: =LET(total, INT(E14)*60 + (E14-INT(E14))*100, blocks, QUOTIENT(total, 15), extra, MOD(total, 15), units, blocks + IF(extra>=8, 1, 0), units) | I14: O&D 97155 | J14: =IF(L14="Level 1", VLOOKUP(I14, UserCodes!E:F, 2, FALSE) * H14, IF(L14="Level 2", VLOOKUP(I14, UserCodes!E:F, 2, FALSE) * H14 * 0.8, 0)) | K14: Hawadle, Abdiaziz | L14: =VLOOKUP(K14, UserCodes!A:B, 2, FALSE)
A15: Yusuf, Khadija | B15: 46007 | C15: 01:00 PM - 06:00 PM | D15: 05:00 | E15: =HOUR(D15)+MINUTE(D15)/100 | F15: =ROUND(INT(E15) + (E15 - INT(E15)) * 100 / 60, 2) | G15: =E15*4 | H15: =LET(total, INT(E15)*60 + (E15-INT(E15))*100, blocks, QUOTIENT(total, 15), extra, MOD(total, 15), units, blocks + IF(extra>=8, 1, 0), units) | I15: 1/1 97153 | J15: =IF(L15="Level 1", VLOOKUP(I15, UserCodes!E:F, 2, FALSE) * H15, IF(L15="Level 2", VLOOKUP(I15, UserCodes!E:F, 2, FALSE) * H15 * 0.8, 0)) | K15: Hashi, Ridwan | L15: =VLOOKUP(K15, UserCodes!A:B, 2, FALSE)
A16: Yusuf, Khadija | B16: 46007 | C16: 01:00 PM - 04:00 PM | D16: 03:00 | E16: =HOUR(D16)+MINUTE(D16)/100 | F16: =ROUND(INT(E16) + (E16 - INT(E16)) * 100 / 60, 2) | G16: =E16*4 | H16: =LET(total, INT(E16)*60 + (E16-INT(E16))*100, blocks, QUOTIENT(total, 15), extra, MOD(total, 15), units, blocks + IF(extra>=8, 1, 0), units) | I16: O&D 97155 | J16: =IF(L16="Level 1", VLOOKUP(I16, UserCodes!E:F, 2, FALSE) * H16, IF(L16="Level 2", VLOOKUP(I16, UserCodes!E:F, 2, FALSE) * H16 * 0.8, 0)) | K16: Noor, Kamilo | L16: =VLOOKUP(K16, UserCodes!A:B, 2, FALSE)
A17: Yusuf, Khadija | B17: 46008 | C17: 02:00 PM - 05:00 PM | D17: 03:00 | E17: =HOUR(D17)+MINUTE(D17)/100 | F17: =ROUND(INT(E17) + (E17 - INT(E17)) * 100 / 60, 2) | G17: =E17*4 | H17: =LET(total, INT(E17)*60 + (E17-INT(E17))*100, blocks, QUOTIENT(total, 15), extra, MOD(total, 15), units, blocks + IF(extra>=8, 1, 0), units) | I17: O&D 97155 | J17: =IF(L17="Level 1", VLOOKUP(I17, UserCodes!E:F, 2, FALSE) * H17, IF(L17="Level 2", VLOOKUP(I17, UserCodes!E:F, 2, FALSE) * H17 * 0.8, 0)) | K17: Noor, Kamilo | L17: =VLOOKUP(K17, UserCodes!A:B, 2, FALSE)
A18: Yusuf, Khadija | B18: 46008 | C18: 01:00 PM - 06:00 PM | D18: 05:00 | E18: =HOUR(D18)+MINUTE(D18)/100 | F18: =ROUND(INT(E18) + (E18 - INT(E18)) * 100 / 60, 2) | G18: =E18*4 | H18: =LET(total, INT(E18)*60 + (E18-INT(E18))*100, blocks, QUOTIENT(total, 15), extra, MOD(total, 15), units, blocks + IF(extra>=8, 1, 0), units) | I18: 1/1 97153 | J18: =IF(L18="Level 1", VLOOKUP(I18, UserCodes!E:F, 2, FALSE) * H18, IF(L18="Level 2", VLOOKUP(I18, UserCodes!E:F, 2, FALSE) * H18 * 0.8, 0)) | K18: Ran, Sameya | L18: =VLOOKUP(K18, UserCodes!A:B, 2, FALSE)
A19: Yusuf, Khadija | B19: 46009 | C19: 04:00 PM - 06:00 PM | D19: 02:00 | E19: =HOUR(D19)+MINUTE(D19)/100 | F19: =ROUND(INT(E19) + (E19 - INT(E19)) * 100 / 60, 2) | G19: =E19*4 | H19: =LET(total, INT(E19)*60 + (E19-INT(E19))*100, blocks, QUOTIENT(total, 15), extra, MOD(total, 15), units, blocks + IF(extra>=8, 1, 0), units) | I19: 1/1 97153 | J19: =IF(L19="Level 1", VLOOKUP(I19, UserCodes!E:F, 2, FALSE) * H19, IF(L19="Level 2", VLOOKUP(I19, UserCodes!E:F, 2, FALSE) * H19 * 0.8, 0)) | K19: Noor, Kamilo | L19: =VLOOKUP(K19, UserCodes!A:B, 2, FALSE)
A20: Yusuf, Khadija | B20: 46009 | C20: 01:00 PM - 04:00 PM | D20: 03:00 | E20: =HOUR(D20)+MINUTE(D20)/100 | F20: =ROUND(INT(E20) + (E20 - INT(E20)) * 100 / 60, 2) | G20: =E20*4 | H20: =LET(total, INT(E20)*60 + (E20-INT(E20))*100, blocks, QUOTIENT(total, 15), extra, MOD(total, 15), units, blocks + IF(extra>=8, 1, 0), units) | I20: 1/1 97153 | J20: =IF(L20="Level 1", VLOOKUP(I20, UserCodes!E:F, 2, FALSE) * H20, IF(L20="Level 2", VLOOKUP(I20, UserCodes!E:F, 2, FALSE) * H20 * 0.8, 0)) | K20: Ali, Nasteho | L20: =VLOOKUP(K20, UserCodes!A:B, 2, FALSE)
A21: Yusuf, Khadija | B21: 46009 | C21: 01:00 PM - 04:00 PM | D21: 03:00 | E21: =HOUR(D21)+MINUTE(D21)/100 | F21: =ROUND(INT(E21) + (E21 - INT(E21)) * 100 / 60, 2) | G21: =E21*4 | H21: =LET(total, INT(E21)*60 + (E21-INT(E21))*100, blocks, QUOTIENT(total, 15), extra, MOD(total, 15), units, blocks + IF(extra>=8, 1, 0), units) | I21: 1/1 97153 | J21: =IF(L21="Level 1", VLOOKUP(I21, UserCodes!E:F, 2, FALSE) * H21, IF(L21="Level 2", VLOOKUP(I21, UserCodes!E:F, 2, FALSE) * H21 * 0.8, 0)) | K21: Noor, Kamilo | L21: =VLOOKUP(K21, UserCodes!A:B, 2, FALSE)
A22: Yusuf, Khadija | B22: 46010 | C22: 01:00 PM - 02:30 PM | D22: 01:30 | E22: =HOUR(D22)+MINUTE(D22)/100 | F22: =ROUND(INT(E22) + (E22 - INT(E22)) * 100 / 60, 2) | G22: =E22*4 | H22: =LET(total, INT(E22)*60 + (E22-INT(E22))*100, blocks, QUOTIENT(total, 15), extra, MOD(total, 15), units, blocks + IF(extra>=8, 1, 0), units) | I22: 1/1 97153 | J22: =IF(L22="Level 1", VLOOKUP(I22, UserCodes!E:F, 2, FALSE) * H22, IF(L22="Level 2", VLOOKUP(I22, UserCodes!E:F, 2, FALSE) * H22 * 0.8, 0)) | K22: Noor, Kamilo | L22: =VLOOKUP(K22, UserCodes!A:B, 2, FALSE)
A23: Yusuf, Khadija | B23: 46010 | C23: 02:30 PM - 06:00 PM | D23: 03:30 | E23: =HOUR(D23)+MINUTE(D23)/100 | F23: =ROUND(INT(E23) + (E23 - INT(E23)) * 100 / 60, 2) | G23: =E23*4 | H23: =LET(total, INT(E23)*60 + (E23-INT(E23))*100, blocks, QUOTIENT(total, 15), extra, MOD(total, 15), units, blocks + IF(extra>=8, 1, 0), units) | J23: =IF(L23="Level 1", VLOOKUP(I23, UserCodes!E:F, 2, FALSE) * H23, IF(L23="Level 2", VLOOKUP(I23, UserCodes!E:F, 2, FALSE) * H23 * 0.8, 0)) | K23: Ran, Sameya | L23: =VLOOKUP(K23, UserCodes!A:B, 2, FALSE) | M23: No schedule
A24: Yusuf, Khadija | B24: 46010 | C24: 02:30 PM - 04:00 PM | D24: 01:30 | E24: =HOUR(D24)+MINUTE(D24)/100 | F24: =ROUND(INT(E24) + (E24 - INT(E24)) * 100 / 60, 2) | G24: =E24*4 | H24: =LET(total, INT(E24)*60 + (E24-INT(E24))*100, blocks, QUOTIENT(total, 15), extra, MOD(total, 15), units, blocks + IF(extra>=8, 1, 0), units) | J24: =IF(L24="Level 1", VLOOKUP(I24, UserCodes!E:F, 2, FALSE) * H24, IF(L24="Level 2", VLOOKUP(I24, UserCodes!E:F, 2, FALSE) * H24 * 0.8, 0)) | K24: Muse, Ayni | L24: =VLOOKUP(K24, UserCodes!A:B, 2, FALSE) | M24: No schedule
A25: Yusuf, Khadija | B25: 46011 | C25: 09:00 AM - 12:00 PM | D25: 03:00 | E25: =HOUR(D25)+MINUTE(D25)/100 | F25: =ROUND(INT(E25) + (E25 - INT(E25)) * 100 / 60, 2) | G25: =E25*4 | H25: =LET(total, INT(E25)*60 + (E25-INT(E25))*100, blocks, QUOTIENT(total, 15), extra, MOD(total, 15), units, blocks + IF(extra>=8, 1, 0), units) | I25: 1/1 97153 | J25: =IF(L25="Level 1", VLOOKUP(I25, UserCodes!E:F, 2, FALSE) * H25, IF(L25="Level 2", VLOOKUP(I25, UserCodes!E:F, 2, FALSE) * H25 * 0.8, 0)) | K25: Muse, Ayni | L25: =VLOOKUP(K25, UserCodes!A:B, 2, FALSE)
A26: Yusuf, Khadija | B26: 46011 | C26: 09:30 AM - 11:30 AM | D26: 02:00 | E26: =HOUR(D26)+MINUTE(D26)/100 | F26: =ROUND(INT(E26) + (E26 - INT(E26)) * 100 / 60, 2) | G26: =E26*4 | H26: =LET(total, INT(E26)*60 + (E26-INT(E26))*100, blocks, QUOTIENT(total, 15), extra, MOD(total, 15), units, blocks + IF(extra>=8, 1, 0), units) | J26: =IF(L26="Level 1", VLOOKUP(I26, UserCodes!E:F, 2, FALSE) * H26, IF(L26="Level 2", VLOOKUP(I26, UserCodes!E:F, 2, FALSE) * H26 * 0.8, 0)) | K26: Ahmed, Jama | L26: =VLOOKUP(K26, UserCodes!A:B, 2, FALSE) | M26: No schedule
A27: Yusuf, Khadija | B27: 46011 | C27: 12:30 PM - 05:00 PM | D27: 04:30 | E27: =HOUR(D27)+MINUTE(D27)/100 | F27: =ROUND(INT(E27) + (E27 - INT(E27)) * 100 / 60, 2) | G27: =E27*4 | H27: =LET(total, INT(E27)*60 + (E27-INT(E27))*100, blocks, QUOTIENT(total, 15), extra, MOD(total, 15), units, blocks + IF(extra>=8, 1, 0), units) | I27: 1/1 97153 | J27: =IF(L27="Level 1", VLOOKUP(I27, UserCodes!E:F, 2, FALSE) * H27, IF(L27="Level 2", VLOOKUP(I27, UserCodes!E:F, 2, FALSE) * H27 * 0.8, 0)) | K27: Muse, Ayni | L27: =VLOOKUP(K27, UserCodes!A:B, 2, FALSE)
A28: Yusuf, Khadija | B28: 46011 | C28: 09:00 AM - 12:00 PM | D28: 03:00 | E28: =HOUR(D28)+MINUTE(D28)/100 | F28: =ROUND(INT(E28) + (E28 - INT(E28)) * 100 / 60, 2) | G28: =E28*4 | H28: =LET(total, INT(E28)*60 + (E28-INT(E28))*100, blocks, QUOTIENT(total, 15), extra, MOD(total, 15), units, blocks + IF(extra>=8, 1, 0), units) | I28: O&D 97155 | J28: =IF(L28="Level 1", VLOOKUP(I28, UserCodes!E:F, 2, FALSE) * H28, IF(L28="Level 2", VLOOKUP(I28, UserCodes!E:F, 2, FALSE) * H28 * 0.8, 0)) | K28: Muse, Adna | L28: =VLOOKUP(K28, UserCodes!A:B, 2, FALSE)
A29: Yusuf, Khadija | B29: 46013 | C29: 01:30 PM - 08:00 PM | D29: 06:30 | E29: =HOUR(D29)+MINUTE(D29)/100 | F29: =ROUND(INT(E29) + (E29 - INT(E29)) * 100 / 60, 2) | G29: =E29*4 | H29: =LET(total, INT(E29)*60 + (E29-INT(E29))*100, blocks, QUOTIENT(total, 15), extra, MOD(total, 15), units, blocks + IF(extra>=8, 1, 0), units) | I29: 1/1 97153 | J29: =IF(L29="Level 1", VLOOKUP(I29, UserCodes!E:F, 2, FALSE) * H29, IF(L29="Level 2", VLOOKUP(I29, UserCodes!E:F, 2, FALSE) * H29 * 0.8, 0)) | K29: Muse, Ayni | L29: =VLOOKUP(K29, UserCodes!A:B, 2, FALSE)
A30: Yusuf, Khadija | B30: 46014 | C30: 10:00 AM - 12:30 PM | D30: 02:30 | E30: =HOUR(D30)+MINUTE(D30)/100 | F30: =ROUND(INT(E30) + (E30 - INT(E30)) * 100 / 60, 2) | G30: =E30*4 | H30: =LET(total, INT(E30)*60 + (E30-INT(E30))*100, blocks, QUOTIENT(total, 15), extra, MOD(total, 15), units, blocks + IF(extra>=8, 1, 0), units) | I30: 1/1 97153 | J30: =IF(L30="Level 1", VLOOKUP(I30, UserCodes!E:F, 2, FALSE) * H30, IF(L30="Level 2", VLOOKUP(I30, UserCodes!E:F, 2, FALSE) * H30 * 0.8, 0)) | K30: Muse, Adna | L30: =VLOOKUP(K30, UserCodes!A:B, 2, FALSE)
A31: Yusuf, Khadija | B31: 46014 | C31: 10:00 AM - 12:30 PM | D31: 02:30 | E31: =HOUR(D31)+MINUTE(D31)/100 | F31: =ROUND(INT(E31) + (E31 - INT(E31)) * 100 / 60, 2) | G31: =E31*4 | H31: =LET(total, INT(E31)*60 + (E31-INT(E31))*100, blocks, QUOTIENT(total, 15), extra, MOD(total, 15), units, blocks + IF(extra>=8, 1, 0), units) | I31: 1/1 97153 | J31: =IF(L31="Level 1", VLOOKUP(I31, UserCodes!E:F, 2, FALSE) * H31, IF(L31="Level 2", VLOOKUP(I31, UserCodes!E:F, 2, FALSE) * H31 * 0.8, 0)) | K31: Noor, Kamilo | L31: =VLOOKUP(K31, UserCodes!A:B, 2, FALSE)
A32: Yusuf, Khadija | B32: 46014 | C32: 01:00 PM - 06:00 PM | D32: 05:00 | E32: =HOUR(D32)+MINUTE(D32)/100 | F32: =ROUND(INT(E32) + (E32 - INT(E32)) * 100 / 60, 2) | G32: =E32*4 | H32: =LET(total, INT(E32)*60 + (E32-INT(E32))*100, blocks, QUOTIENT(total, 15), extra, MOD(total, 15), units, blocks + IF(extra>=8, 1, 0), units) | I32: 1/1 97153 | J32: =IF(L32="Level 1", VLOOKUP(I32, UserCodes!E:F, 2, FALSE) * H32, IF(L32="Level 2", VLOOKUP(I32, UserCodes!E:F, 2, FALSE) * H32 * 0.8, 0)) | K32: Muse, Adna | L32: =VLOOKUP(K32, UserCodes!A:B, 2, FALSE)
A33: Yusuf, Khadija | B33: 46014 | C33: 12:30 PM - 01:00 PM | D33: 00:30 | E33: =HOUR(D33)+MINUTE(D33)/100 | F33: =ROUND(INT(E33) + (E33 - INT(E33)) * 100 / 60, 2) | G33: =E33*4 | H33: =LET(total, INT(E33)*60 + (E33-INT(E33))*100, blocks, QUOTIENT(total, 15), extra, MOD(total, 15), units, blocks + IF(extra>=8, 1, 0), units) | I33: 1/1 97153 | J33: =IF(L33="Level 1", VLOOKUP(I33, UserCodes!E:F, 2, FALSE) * H33, IF(L33="Level 2", VLOOKUP(I33, UserCodes!E:F, 2, FALSE) * H33 * 0.8, 0)) | K33: Noor, Kamilo | L33: =VLOOKUP(K33, UserCodes!A:B, 2, FALSE)

Sheet Kadir, Hamdi
A1: Student | B1: Service Date | C1: Session Time | D1: Session Duration | E1: Hours | F1: Pay | G1: Units | H1: FNF | I1: Code | J1: Charged Amount | K1: User | L1: Level | M1: Note | N1: Unbilled notes | O1: Expiration Date
A2: Kadir, Hamdi | B2: 46001 | C2: 02:00 PM - 05:00 PM | D2: 03:00 | E2: =HOUR(D2)+MINUTE(D2)/100 | F2: =ROUND(INT(E2) + (E2 - INT(E2)) * 100 / 60, 2) | G2: =E2*4 | H2: =LET(total, INT(E2)*60 + (E2-INT(E2))*100, blocks, QUOTIENT(total, 15), extra, MOD(total, 15), units, blocks + IF(extra>=8, 1, 0), units) | I2: 1/1 97153 | J2: =IF(L2="Level 1", VLOOKUP(I2, UserCodes!E:F, 2, FALSE) * H2, IF(L2="Level 2", VLOOKUP(I2, UserCodes!E:F, 2, FALSE) * H2 * 0.8, 0)) | K2: Hashi, Ridwan | L2: =VLOOKUP(K2, UserCodes!A:B, 2, FALSE)
A3: Kadir, Hamdi | B3: 46001 | C3: 03:30 PM - 05:00 PM | D3: 01:30 | E3: =HOUR(D3)+MINUTE(D3)/100 | F3: =ROUND(INT(E3) + (E3 - INT(E3)) * 100 / 60, 2) | G3: =E3*4 | H3: =LET(total, INT(E3)*60 + (E3-INT(E3))*100, blocks, QUOTIENT(total, 15), extra, MOD(total, 15), units, blocks + IF(extra>=8, 1, 0), units) | I3: O&D 97155 | J3: =IF(L3="Level 1", VLOOKUP(I3, UserCodes!E:F, 2, FALSE) * H3, IF(L3="Level 2", VLOOKUP(I3, UserCodes!E:F, 2, FALSE) * H3 * 0.8, 0)) | K3: Muse, Adna | L3: =VLOOKUP(K3, UserCodes!A:B, 2, FALSE)
A4: Kadir, Hamdi | B4: 46002 | C4: 02:00 PM - 08:00 PM | D4: 06:00 | E4: =HOUR(D4)+MINUTE(D4)/100 | F4: =ROUND(INT(E4) + (E4 - INT(E4)) * 100 / 60, 2) | G4: =E4*4 | H4: =LET(total, INT(E4)*60 + (E4-INT(E4))*100, blocks, QUOTIENT(total, 15), extra, MOD(total, 15), units, blocks + IF(extra>=8, 1, 0), units) | I4: 1/1 97153 | J4: =IF(L4="Level 1", VLOOKUP(I4, UserCodes!E:F, 2, FALSE) * H4, IF(L4="Level 2", VLOOKUP(I4, UserCodes!E:F, 2, FALSE) * H4 * 0.8, 0)) | K4: Mohamed, Samsam | L4: =VLOOKUP(K4, UserCodes!A:B, 2, FALSE)
A5: Kadir, Hamdi | B5: 46002 | C5: 02:00 PM - 05:00 PM | D5: 03:00 | E5: =HOUR(D5)+MINUTE(D5)/100 | F5: =ROUND(INT(E5) + (E5 - INT(E5)) * 100 / 60, 2) | G5: =E5*4 | H5: =LET(total, INT(E5)*60 + (E5-INT(E5))*100, blocks, QUOTIENT(total, 15), extra, MOD(total, 15), units, blocks + IF(extra>=8, 1, 0), units) | I5: O&D 97155 | J5: =IF(L5="Level 1", VLOOKUP(I5, UserCodes!E:F, 2, FALSE) * H5, IF(L5="Level 2", VLOOKUP(I5, UserCodes!E:F, 2, FALSE) * H5 * 0.8, 0)) | K5: Muse, Adna | L5: =VLOOKUP(K5, UserCodes!A:B, 2, FALSE)
A6: Kadir, Hamdi | B6: 46003 | C6: 12:55 PM - 03:45 PM | D6: 02:50 | E6: =HOUR(D6)+MINUTE(D6)/100 | F6: =ROUND(INT(E6) + (E6 - INT(E6)) * 100 / 60, 2) | G6: =E6*4 | H6: =LET(total, INT(E6)*60 + (E6-INT(E6))*100, blocks, QUOTIENT(total, 15), extra, MOD(total, 15), units, blocks + IF(extra>=8, 1, 0), units) | J6: =IF(L6="Level 1", VLOOKUP(I6, UserCodes!E:F, 2, FALSE) * H6, IF(L6="Level 2", VLOOKUP(I6, UserCodes!E:F, 2, FALSE) * H6 * 0.8, 0)) | K6: Ahmed, Jama | L6: =VLOOKUP(K6, UserCodes!A:B, 2, FALSE) | M6: No schedule
A7: Kadir, Hamdi | B7: 46003 | C7: 12:35 PM - 08:00 PM | D7: 07:25 | E7: =HOUR(D7)+MINUTE(D7)/100 | F7: =ROUND(INT(E7) + (E7 - INT(E7)) * 100 / 60, 2) | G7: =E7*4 | H7: =LET(total, INT(E7)*60 + (E7-INT(E7))*100, blocks, QUOTIENT(total, 15), extra, MOD(total, 15), units, blocks + IF(extra>=8, 1, 0), units) | I7: 1/1 97153 | J7: =IF(L7="Level 1", VLOOKUP(I7, UserCodes!E:F, 2, FALSE) * H7, IF(L7="Level 2", VLOOKUP(I7, UserCodes!E:F, 2, FALSE) * H7 * 0.8, 0)) | K7: Mohamed, Samsam | L7: =VLOOKUP(K7, UserCodes!A:B, 2, FALSE)
A8: Kadir, Hamdi | B8: 46003 | C8: 12:00 PM - 03:00 PM | D8: 03:00 | E8: =HOUR(D8)+MINUTE(D8)/100 | F8: =ROUND(INT(E8) + (E8 - INT(E8)) * 100 / 60, 2) | G8: =E8*4 | H8: =LET(total, INT(E8)*60 + (E8-INT(E8))*100, blocks, QUOTIENT(total, 15), extra, MOD(total, 15), units, blocks + IF(extra>=8, 1, 0), units) | I8: O&D 97155 | J8: =IF(L8="Level 1", VLOOKUP(I8, UserCodes!E:F, 2, FALSE) * H8, IF(L8="Level 2", VLOOKUP(I8, UserCodes!E:F, 2, FALSE) * H8 * 0.8, 0)) | K8: Muse, Adna | L8: =VLOOKUP(K8, UserCodes!A:B, 2, FALSE)
A9: Kadir, Hamdi | B9: 46004 | C9: 11:00 AM - 06:00 PM | D9: 07:00 | E9: =HOUR(D9)+MINUTE(D9)/100 | F9: =ROUND(INT(E9) + (E9 - INT(E9)) * 100 / 60, 2) | G9: =E9*4 | H9: =LET(total, INT(E9)*60 + (E9-INT(E9))*100, blocks, QUOTIENT(total, 15), extra, MOD(total, 15), units, blocks + IF(extra>=8, 1, 0), units) | I9: 1/1 97153 | J9: =IF(L9="Level 1", VLOOKUP(I9, UserCodes!E:F, 2, FALSE) * H9, IF(L9="Level 2", VLOOKUP(I9, UserCodes!E:F, 2, FALSE) * H9 * 0.8, 0)) | K9: Mohamed, Samsam | L9: =VLOOKUP(K9, UserCodes!A:B, 2, FALSE)
A10: Kadir, Hamdi | B10: 46004 | C10: 10:00 AM - 01:00 PM | D10: 03:00 | E10: =HOUR(D10)+MINUTE(D10)/100 | F10: =ROUND(INT(E10) + (E10 - INT(E10)) * 100 / 60, 2) | G10: =E10*4 | H10: =LET(total, INT(E10)*60 + (E10-INT(E10))*100, blocks, QUOTIENT(total, 15), extra, MOD(total, 15), units, blocks + IF(extra>=8, 1, 0), units) | I10: O&D 97155 | J10: =IF(L10="Level 1", VLOOKUP(I10, UserCodes!E:F, 2, FALSE) * H10, IF(L10="Level 2", VLOOKUP(I10, UserCodes!E:F, 2, FALSE) * H10 * 0.8, 0)) | K10: Hawadle, Abdiaziz | L10: =VLOOKUP(K10, UserCodes!A:B, 2, FALSE)
A11: Kadir, Hamdi | B11: 46006 | C11: 02:00 PM - 08:00 PM | D11: 06:00 | E11: =HOUR(D11)+MINUTE(D11)/100 | F11: =ROUND(INT(E11) + (E11 - INT(E11)) * 100 / 60, 2) | G11: =E11*4 | H11: =LET(total, INT(E11)*60 + (E11-INT(E11))*100, blocks, QUOTIENT(total, 15), extra, MOD(total, 15), units, blocks + IF(extra>=8, 1, 0), units) | I11: 1/1 97153 | J11: =IF(L11="Level 1", VLOOKUP(I11, UserCodes!E:F, 2, FALSE) * H11, IF(L11="Level 2", VLOOKUP(I11, UserCodes!E:F, 2, FALSE) * H11 * 0.8, 0)) | K11: Osman, Basra | L11: =VLOOKUP(K11, UserCodes!A:B, 2, FALSE)
A12: Kadir, Hamdi | B12: 46007 | C12: 03:00 PM - 06:00 PM | D12: 03:00 | E12: =HOUR(D12)+MINUTE(D12)/100 | F12: =ROUND(INT(E12) + (E12 - INT(E12)) * 100 / 60, 2) | G12: =E12*4 | H12: =LET(total, INT(E12)*60 + (E12-INT(E12))*100, blocks, QUOTIENT(total, 15), extra, MOD(total, 15), units, blocks + IF(extra>=8, 1, 0), units) | I12: O&D 97155 | J12: =IF(L12="Level 1", VLOOKUP(I12, UserCodes!E:F, 2, FALSE) * H12, IF(L12="Level 2", VLOOKUP(I12, UserCodes!E:F, 2, FALSE) * H12 * 0.8, 0)) | K12: Muse, Adna | L12: =VLOOKUP(K12, UserCodes!A:B, 2, FALSE)
A13: Kadir, Hamdi | B13: 46007 | C13: 02:00 PM - 08:00 PM | D13: 06:00 | E13: =HOUR(D13)+MINUTE(D13)/100 | F13: =ROUND(INT(E13) + (E13 - INT(E13)) * 100 / 60, 2) | G13: =E13*4 | H13: =LET(total, INT(E13)*60 + (E13-INT(E13))*100, blocks, QUOTIENT(total, 15), extra, MOD(total, 15), units, blocks + IF(extra>=8, 1, 0), units) | I13: 1/1 97153 | J13: =IF(L13="Level 1", VLOOKUP(I13, UserCodes!E:F, 2, FALSE) * H13, IF(L13="Level 2", VLOOKUP(I13, UserCodes!E:F, 2, FALSE) * H13 * 0.8, 0)) | K13: Ran, Sameya | L13: =VLOOKUP(K13, UserCodes!A:B, 2, FALSE)
A14: Kadir, Hamdi | B14: 46008 | C14: 05:00 PM - 08:00 PM | D14: 03:00 | E14: =HOUR(D14)+MINUTE(D14)/100 | F14: =ROUND(INT(E14) + (E14 - INT(E14)) * 100 / 60, 2) | G14: =E14*4 | H14: =LET(total, INT(E14)*60 + (E14-INT(E14))*100, blocks, QUOTIENT(total, 15), extra, MOD(total, 15), units, blocks + IF(extra>=8, 1, 0), units) | I14: 1/1 97153 | J14: =IF(L14="Level 1", VLOOKUP(I14, UserCodes!E:F, 2, FALSE) * H14, IF(L14="Level 2", VLOOKUP(I14, UserCodes!E:F, 2, FALSE) * H14 * 0.8, 0)) | K14: Muse, Nawaal | L14: =VLOOKUP(K14, UserCodes!A:B, 2, FALSE)
A15: Kadir, Hamdi | B15: 46008 | C15: 02:00 PM - 05:00 PM | D15: 03:00 | E15: =HOUR(D15)+MINUTE(D15)/100 | F15: =ROUND(INT(E15) + (E15 - INT(E15)) * 100 / 60, 2) | G15: =E15*4 | H15: =LET(total, INT(E15)*60 + (E15-INT(E15))*100, blocks, QUOTIENT(total, 15), extra, MOD(total, 15), units, blocks + IF(extra>=8, 1, 0), units) | I15: O&D 97155 | J15: =IF(L15="Level 1", VLOOKUP(I15, UserCodes!E:F, 2, FALSE) * H15, IF(L15="Level 2", VLOOKUP(I15, UserCodes!E:F, 2, FALSE) * H15 * 0.8, 0)) | K15: Osman, Basra | L15: =VLOOKUP(K15, UserCodes!A:B, 2, FALSE)
A16: Kadir, Hamdi | B16: 46008 | C16: 02:00 PM - 05:00 PM | D16: 03:00 | E16: =HOUR(D16)+MINUTE(D16)/100 | F16: =ROUND(INT(E16) + (E16 - INT(E16)) * 100 / 60, 2) | G16: =E16*4 | H16: =LET(total, INT(E16)*60 + (E16-INT(E16))*100, blocks, QUOTIENT(total, 15), extra, MOD(total, 15), units, blocks + IF(extra>=8, 1, 0), units) | I16: 1/1 97153 | J16: =IF(L16="Level 1", VLOOKUP(I16, UserCodes!E:F, 2, FALSE) * H16, IF(L16="Level 2", VLOOKUP(I16, UserCodes!E:F, 2, FALSE) * H16 * 0.8, 0)) | K16: Muse, Ayni | L16: =VLOOKUP(K16, UserCodes!A:B, 2, FALSE)
A17: Kadir, Hamdi | B17: 46009 | C17: 02:00 PM - 03:00 PM | D17: 01:00 | E17: =HOUR(D17)+MINUTE(D17)/100 | F17: =ROUND(INT(E17) + (E17 - INT(E17)) * 100 / 60, 2) | G17: =E17*4 | H17: =LET(total, INT(E17)*60 + (E17-INT(E17))*100, blocks, QUOTIENT(total, 15), extra, MOD(total, 15), units, blocks + IF(extra>=8, 1, 0), units) | I17: O&D 97155 | J17: =IF(L17="Level 1", VLOOKUP(I17, UserCodes!E:F, 2, FALSE) * H17, IF(L17="Level 2", VLOOKUP(I17, UserCodes!E:F, 2, FALSE) * H17 * 0.8, 0)) | K17: Osman, Basra | L17: =VLOOKUP(K17, UserCodes!A:B, 2, FALSE)
A18: Kadir, Hamdi | B18: 46009 | C18: 02:00 PM - 08:00 PM | D18: 06:00 | E18: =HOUR(D18)+MINUTE(D18)/100 | F18: =ROUND(INT(E18) + (E18 - INT(E18)) * 100 / 60, 2) | G18: =E18*4 | H18: =LET(total, INT(E18)*60 + (E18-INT(E18))*100, blocks, QUOTIENT(total, 15), extra, MOD(total, 15), units, blocks + IF(extra>=8, 1, 0), units) | I18: 1/1 97153 | J18: =IF(L18="Level 1", VLOOKUP(I18, UserCodes!E:F, 2, FALSE) * H18, IF(L18="Level 2", VLOOKUP(I18, UserCodes!E:F, 2, FALSE) * H18 * 0.8, 0)) | K18: Muse, Nawaal | L18: =VLOOKUP(K18, UserCodes!A:B, 2, FALSE)
A19: Kadir, Hamdi | B19: 46010 | C19: 04:00 PM - 08:00 PM | D19: 04:00 | E19: =HOUR(D19)+MINUTE(D19)/100 | F19: =ROUND(INT(E19) + (E19 - INT(E19)) * 100 / 60, 2) | G19: =E19*4 | H19: =LET(total, INT(E19)*60 + (E19-INT(E19))*100, blocks, QUOTIENT(total, 15), extra, MOD(total, 15), units, blocks + IF(extra>=8, 1, 0), units) | I19: 1/1 97153 | J19: =IF(L19="Level 1", VLOOKUP(I19, UserCodes!E:F, 2, FALSE) * H19, IF(L19="Level 2", VLOOKUP(I19, UserCodes!E:F, 2, FALSE) * H19 * 0.8, 0)) | K19: Barqab, Mushtaq | L19: =VLOOKUP(K19, UserCodes!A:B, 2, FALSE)
A20: Kadir, Hamdi | B20: 46010 | C20: 12:59 PM - 03:00 PM | D20: 02:01 | E20: =HOUR(D20)+MINUTE(D20)/100 | F20: =ROUND(INT(E20) + (E20 - INT(E20)) * 100 / 60, 2) | G20: =E20*4 | H20: =LET(total, INT(E20)*60 + (E20-INT(E20))*100, blocks, QUOTIENT(total, 15), extra, MOD(total, 15), units, blocks + IF(extra>=8, 1, 0), units) | J20: =IF(L20="Level 1", VLOOKUP(I20, UserCodes!E:F, 2, FALSE) * H20, IF(L20="Level 2", VLOOKUP(I20, UserCodes!E:F, 2, FALSE) * H20 * 0.8, 0)) | K20: Ahmed, Jama | L20: =VLOOKUP(K20, UserCodes!A:B, 2, FALSE) | M20: No schedule
A21: Kadir, Hamdi | B21: 46010 | C21: 12:30 PM - 03:30 PM | D21: 03:00 | E21: =HOUR(D21)+MINUTE(D21)/100 | F21: =ROUND(INT(E21) + (E21 - INT(E21)) * 100 / 60, 2) | G21: =E21*4 | H21: =LET(total, INT(E21)*60 + (E21-INT(E21))*100, blocks, QUOTIENT(total, 15), extra, MOD(total, 15), units, blocks + IF(extra>=8, 1, 0), units) | I21: O&D 97155 | J21: =IF(L21="Level 1", VLOOKUP(I21, UserCodes!E:F, 2, FALSE) * H21, IF(L21="Level 2", VLOOKUP(I21, UserCodes!E:F, 2, FALSE) * H21 * 0.8, 0)) | K21: Muse, Aaliya | L21: =VLOOKUP(K21, UserCodes!A:B, 2, FALSE)
A22: Kadir, Hamdi | B22: 46010 | C22: 12:00 PM - 03:30 PM | D22: 03:30 | E22: =HOUR(D22)+MINUTE(D22)/100 | F22: =ROUND(INT(E22) + (E22 - INT(E22)) * 100 / 60, 2) | G22: =E22*4 | H22: =LET(total, INT(E22)*60 + (E22-INT(E22))*100, blocks, QUOTIENT(total, 15), extra, MOD(total, 15), units, blocks + IF(extra>=8, 1, 0), units) | I22: 1/1 97153 | J22: =IF(L22="Level 1", VLOOKUP(I22, UserCodes!E:F, 2, FALSE) * H22, IF(L22="Level 2", VLOOKUP(I22, UserCodes!E:F, 2, FALSE) * H22 * 0.8, 0)) | K22: Barqab, Mushtaq | L22: =VLOOKUP(K22, UserCodes!A:B, 2, FALSE)
A23: Kadir, Hamdi | B23: 46011 | C23: 01:00 PM - 04:00 PM | D23: 03:00 | E23: =HOUR(D23)+MINUTE(D23)/100 | F23: =ROUND(INT(E23) + (E23 - INT(E23)) * 100 / 60, 2) | G23: =E23*4 | H23: =LET(total, INT(E23)*60 + (E23-INT(E23))*100, blocks, QUOTIENT(total, 15), extra, MOD(total, 15), units, blocks + IF(extra>=8, 1, 0), units) | I23: O&D 97155 | J23: =IF(L23="Level 1", VLOOKUP(I23, UserCodes!E:F, 2, FALSE) * H23, IF(L23="Level 2", VLOOKUP(I23, UserCodes!E:F, 2, FALSE) * H23 * 0.8, 0)) | K23: Ibrahim, Ahmed | L23: =VLOOKUP(K23, UserCodes!A:B, 2, FALSE)
A24: Kadir, Hamdi | B24: 46011 | C24: 10:00 AM - 12:00 PM | D24: 02:00 | E24: =HOUR(D24)+MINUTE(D24)/100 | F24: =ROUND(INT(E24) + (E24 - INT(E24)) * 100 / 60, 2) | G24: =E24*4 | H24: =LET(total, INT(E24)*60 + (E24-INT(E24))*100, blocks, QUOTIENT(total, 15), extra, MOD(total, 15), units, blocks + IF(extra>=8, 1, 0), units) | I24: 1/1 97153 | J24: =IF(L24="Level 1", VLOOKUP(I24, UserCodes!E:F, 2, FALSE) * H24, IF(L24="Level 2", VLOOKUP(I24, UserCodes!E:F, 2, FALSE) * H24 * 0.8, 0)) | K24: Hashi, Ridwan | L24: =VLOOKUP(K24, UserCodes!A:B, 2, FALSE)
A25: Kadir, Hamdi | B25: 46011 | C25: 12:30 PM - 06:00 PM | D25: 05:30 | E25: =HOUR(D25)+MINUTE(D25)/100 | F25: =ROUND(INT(E25) + (E25 - INT(E25)) * 100 / 60, 2) | G25: =E25*4 | H25: =LET(total, INT(E25)*60 + (E25-INT(E25))*100, blocks, QUOTIENT(total, 15), extra, MOD(total, 15), units, blocks + IF(extra>=8, 1, 0), units) | I25: 1/1 97153 | J25: =IF(L25="Level 1", VLOOKUP(I25, UserCodes!E:F, 2, FALSE) * H25, IF(L25="Level 2", VLOOKUP(I25, UserCodes!E:F, 2, FALSE) * H25 * 0.8, 0)) | K25: Hashi, Ridwan | L25: =VLOOKUP(K25, UserCodes!A:B, 2, FALSE)
A26: Kadir, Hamdi | B26: 46013 | C26: 05:30 PM - 08:00 PM | D26: 02:30 | E26: =HOUR(D26)+MINUTE(D26)/100 | F26: =ROUND(INT(E26) + (E26 - INT(E26)) * 100 / 60, 2) | G26: =E26*4 | H26: =LET(total, INT(E26)*60 + (E26-INT(E26))*100, blocks, QUOTIENT(total, 15), extra, MOD(total, 15), units, blocks + IF(extra>=8, 1, 0), units) | I26: 1/1 97153 | J26: =IF(L26="Level 1", VLOOKUP(I26, UserCodes!E:F, 2, FALSE) * H26, IF(L26="Level 2", VLOOKUP(I26, UserCodes!E:F, 2, FALSE) * H26 * 0.8, 0)) | K26: Ran, Sameya | L26: =VLOOKUP(K26, UserCodes!A:B, 2, FALSE)
A27: Kadir, Hamdi | B27: 46013 | C27: 12:00 PM - 03:00 PM | D27: 03:00 | E27: =HOUR(D27)+MINUTE(D27)/100 | F27: =ROUND(INT(E27) + (E27 - INT(E27)) * 100 / 60, 2) | G27: =E27*4 | H27: =LET(total, INT(E27)*60 + (E27-INT(E27))*100, blocks, QUOTIENT(total, 15), extra, MOD(total, 15), units, blocks + IF(extra>=8, 1, 0), units) | J27: =IF(L27="Level 1", VLOOKUP(I27, UserCodes!E:F, 2, FALSE) * H27, IF(L27="Level 2", VLOOKUP(I27, UserCodes!E:F, 2, FALSE) * H27 * 0.8, 0)) | K27: Muse, Aaliya | L27: =VLOOKUP(K27, UserCodes!A:B, 2, FALSE) | M27: No schedule
A28: Kadir, Hamdi | B28: 46013 | C28: 12:00 PM - 05:30 PM | D28: 05:30 | E28: =HOUR(D28)+MINUTE(D28)/100 | F28: =ROUND(INT(E28) + (E28 - INT(E28)) * 100 / 60, 2) | G28: =E28*4 | H28: =LET(total, INT(E28)*60 + (E28-INT(E28))*100, blocks, QUOTIENT(total, 15), extra, MOD(total, 15), units, blocks + IF(extra>=8, 1, 0), units) | I28: 1/1 97153 | J28: =IF(L28="Level 1", VLOOKUP(I28, UserCodes!E:F, 2, FALSE) * H28, IF(L28="Level 2", VLOOKUP(I28, UserCodes!E:F, 2, FALSE) * H28 * 0.8, 0)) | K28: Mohamed, Samsam | L28: =VLOOKUP(K28, UserCodes!A:B, 2, FALSE)
A29: Kadir, Hamdi | B29: 46014 | C29: 09:00am - 12:00pm | E29: =HOUR(D29)+MINUTE(D29)/100 | F29: =ROUND(INT(E29) + (E29 - INT(E29)) * 100 / 60, 2) | G29: =E29*4 | H29: =LET(total, INT(E29)*60 + (E29-INT(E29))*100, blocks, QUOTIENT(total, 15), extra, MOD(total, 15), units, blocks + IF(extra>=8, 1, 0), units) | I29: 1/1 97153 | J29: =IF(L29="Level 1", VLOOKUP(I29, UserCodes!E:F, 2, FALSE) * H29, IF(L29="Level 2", VLOOKUP(I29, UserCodes!E:F, 2, FALSE) * H29 * 0.8, 0)) | K29: Muse, Nawaal | L29: =VLOOKUP(K29, UserCodes!A:B, 2, FALSE) | M29: No note
A30: Kadir, Hamdi | B30: 46014 | C30: 12:30pm - 05:00pm | E30: =HOUR(D30)+MINUTE(D30)/100 | F30: =ROUND(INT(E30) + (E30 - INT(E30)) * 100 / 60, 2) | G30: =E30*4 | H30: =LET(total, INT(E30)*60 + (E30-INT(E30))*100, blocks, QUOTIENT(total, 15), extra, MOD(total, 15), units, blocks + IF(extra>=8, 1, 0), units) | I30: 1/1 97153 | J30: =IF(L30="Level 1", VLOOKUP(I30, UserCodes!E:F, 2, FALSE) * H30, IF(L30="Level 2", VLOOKUP(I30, UserCodes!E:F, 2, FALSE) * H30 * 0.8, 0)) | K30: Muse, Nawaal | L30: =VLOOKUP(K30, UserCodes!A:B, 2, FALSE) | M30: No note
A31: Kadir, Hamdi | B31: 46014 | C31: 12:00 PM - 12:30 PM | D31: 00:30 | E31: =HOUR(D31)+MINUTE(D31)/100 | F31: =ROUND(INT(E31) + (E31 - INT(E31)) * 100 / 60, 2) | G31: =E31*4 | H31: =LET(total, INT(E31)*60 + (E31-INT(E31))*100, blocks, QUOTIENT(total, 15), extra, MOD(total, 15), units, blocks + IF(extra>=8, 1, 0), units) | I31: 1/1 97153 | J31: =IF(L31="Level 1", VLOOKUP(I31, UserCodes!E:F, 2, FALSE) * H31, IF(L31="Level 2", VLOOKUP(I31, UserCodes!E:F, 2, FALSE) * H31 * 0.8, 0)) | K31: Muse, Aaliya | L31: =VLOOKUP(K31, UserCodes!A:B, 2, FALSE)
A32: Kadir, Hamdi | B32: 46014 | C32: 09:00 AM - 12:00 PM | D32: 03:00 | E32: =HOUR(D32)+MINUTE(D32)/100 | F32: =ROUND(INT(E32) + (E32 - INT(E32)) * 100 / 60, 2) | G32: =E32*4 | H32: =LET(total, INT(E32)*60 + (E32-INT(E32))*100, blocks, QUOTIENT(total, 15), extra, MOD(total, 15), units, blocks + IF(extra>=8, 1, 0), units) | I32: 1/1 97153 | J32: =IF(L32="Level 1", VLOOKUP(I32, UserCodes!E:F, 2, FALSE) * H32, IF(L32="Level 2", VLOOKUP(I32, UserCodes!E:F, 2, FALSE) * H32 * 0.8, 0)) | K32: Muse, Aaliya | L32: =VLOOKUP(K32, UserCodes!A:B, 2, FALSE)

Sheet Mohamed, Sumaya
A1: Student | B1: Service Date | C1: Session Time | D1: Session Duration | E1: Hours | F1: Pay | G1: Units | H1: FNF | I1: Code | J1: Charged Amount | K1: User | L1: Level | M1: Note | N1: Unbilled notes | O1: Expiration Date
A2: Mohamed, Sumaya | B2: 46001 | C2: 12:30 PM - 03:30 PM | D2: 03:00 | E2: =HOUR(D2)+MINUTE(D2)/100 | F2: =ROUND(INT(E2) + (E2 - INT(E2)) * 100 / 60, 2) | G2: =E2*4 | H2: =LET(total, INT(E2)*60 + (E2-INT(E2))*100, blocks, QUOTIENT(total, 15), extra, MOD(total, 15), units, blocks + IF(extra>=8, 1, 0), units) | I2: 1/1 97153 | J2: =IF(L2="Level 1", VLOOKUP(I2, UserCodes!E:F, 2, FALSE) * H2, IF(L2="Level 2", VLOOKUP(I2, UserCodes!E:F, 2, FALSE) * H2 * 0.8, 0)) | K2: Muse, Adna | L2: =VLOOKUP(K2, UserCodes!A:B, 2, FALSE)
A3: Mohamed, Sumaya | B3: 46001 | C3: 12:30 PM - 03:30 PM | D3: 03:00 | E3: =HOUR(D3)+MINUTE(D3)/100 | F3: =ROUND(INT(E3) + (E3 - INT(E3)) * 100 / 60, 2) | G3: =E3*4 | H3: =LET(total, INT(E3)*60 + (E3-INT(E3))*100, blocks, QUOTIENT(total, 15), extra, MOD(total, 15), units, blocks + IF(extra>=8, 1, 0), units) | I3: O&D 97155 | J3: =IF(L3="Level 1", VLOOKUP(I3, UserCodes!E:F, 2, FALSE) * H3, IF(L3="Level 2", VLOOKUP(I3, UserCodes!E:F, 2, FALSE) * H3 * 0.8, 0)) | K3: Muse, Aaliya | L3: =VLOOKUP(K3, UserCodes!A:B, 2, FALSE)
A4: Mohamed, Sumaya | B4: 46006 | C4: 12:00 PM - 05:00 PM | D4: 05:00 | E4: =HOUR(D4)+MINUTE(D4)/100 | F4: =ROUND(INT(E4) + (E4 - INT(E4)) * 100 / 60, 2) | G4: =E4*4 | H4: =LET(total, INT(E4)*60 + (E4-INT(E4))*100, blocks, QUOTIENT(total, 15), extra, MOD(total, 15), units, blocks + IF(extra>=8, 1, 0), units) | I4: 1/1 97153 | J4: =IF(L4="Level 1", VLOOKUP(I4, UserCodes!E:F, 2, FALSE) * H4, IF(L4="Level 2", VLOOKUP(I4, UserCodes!E:F, 2, FALSE) * H4 * 0.8, 0)) | K4: Hashi, Ridwan | L4: =VLOOKUP(K4, UserCodes!A:B, 2, FALSE)
A5: Mohamed, Sumaya | B5: 46006 | C5: 01:00 PM - 04:00 PM | D5: 03:00 | E5: =HOUR(D5)+MINUTE(D5)/100 | F5: =ROUND(INT(E5) + (E5 - INT(E5)) * 100 / 60, 2) | G5: =E5*4 | H5: =LET(total, INT(E5)*60 + (E5-INT(E5))*100, blocks, QUOTIENT(total, 15), extra, MOD(total, 15), units, blocks + IF(extra>=8, 1, 0), units) | I5: O&D 97155 | J5: =IF(L5="Level 1", VLOOKUP(I5, UserCodes!E:F, 2, FALSE) * H5, IF(L5="Level 2", VLOOKUP(I5, UserCodes!E:F, 2, FALSE) * H5 * 0.8, 0)) | K5: Muse, Adna | L5: =VLOOKUP(K5, UserCodes!A:B, 2, FALSE)
A6: Mohamed, Sumaya | B6: 46007 | C6: 12:00 PM - 07:00 PM | D6: 07:00 | E6: =HOUR(D6)+MINUTE(D6)/100 | F6: =ROUND(INT(E6) + (E6 - INT(E6)) * 100 / 60, 2) | G6: =E6*4 | H6: =LET(total, INT(E6)*60 + (E6-INT(E6))*100, blocks, QUOTIENT(total, 15), extra, MOD(total, 15), units, blocks + IF(extra>=8, 1, 0), units) | I6: 1/1 97153 | J6: =IF(L6="Level 1", VLOOKUP(I6, UserCodes!E:F, 2, FALSE) * H6, IF(L6="Level 2", VLOOKUP(I6, UserCodes!E:F, 2, FALSE) * H6 * 0.8, 0)) | K6: ALI, AMIRA | L6: =VLOOKUP(K6, UserCodes!A:B, 2, FALSE)
A7: Mohamed, Sumaya | B7: 46007 | C7: 12:00 PM - 03:00 PM | D7: 03:00 | E7: =HOUR(D7)+MINUTE(D7)/100 | F7: =ROUND(INT(E7) + (E7 - INT(E7)) * 100 / 60, 2) | G7: =E7*4 | H7: =LET(total, INT(E7)*60 + (E7-INT(E7))*100, blocks, QUOTIENT(total, 15), extra, MOD(total, 15), units, blocks + IF(extra>=8, 1, 0), units) | I7: O&D 97155 | J7: =IF(L7="Level 1", VLOOKUP(I7, UserCodes!E:F, 2, FALSE) * H7, IF(L7="Level 2", VLOOKUP(I7, UserCodes!E:F, 2, FALSE) * H7 * 0.8, 0)) | K7: Muse, Adna | L7: =VLOOKUP(K7, UserCodes!A:B, 2, FALSE)
A8: Mohamed, Sumaya | B8: 46008 | C8: 12:20 PM - 03:20 PM | D8: 03:00 | E8: =HOUR(D8)+MINUTE(D8)/100 | F8: =ROUND(INT(E8) + (E8 - INT(E8)) * 100 / 60, 2) | G8: =E8*4 | H8: =LET(total, INT(E8)*60 + (E8-INT(E8))*100, blocks, QUOTIENT(total, 15), extra, MOD(total, 15), units, blocks + IF(extra>=8, 1, 0), units) | I8: O&D 97155 | J8: =IF(L8="Level 1", VLOOKUP(I8, UserCodes!E:F, 2, FALSE) * H8, IF(L8="Level 2", VLOOKUP(I8, UserCodes!E:F, 2, FALSE) * H8 * 0.8, 0)) | K8: Muse, Aaliya | L8: =VLOOKUP(K8, UserCodes!A:B, 2, FALSE)
A9: Mohamed, Sumaya | B9: 46008 | C9: 12:20 PM - 05:00 PM | D9: 04:40 | E9: =HOUR(D9)+MINUTE(D9)/100 | F9: =ROUND(INT(E9) + (E9 - INT(E9)) * 100 / 60, 2) | G9: =E9*4 | H9: =LET(total, INT(E9)*60 + (E9-INT(E9))*100, blocks, QUOTIENT(total, 15), extra, MOD(total, 15), units, blocks + IF(extra>=8, 1, 0), units) | I9: 1/1 97153 | J9: =IF(L9="Level 1", VLOOKUP(I9, UserCodes!E:F, 2, FALSE) * H9, IF(L9="Level 2", VLOOKUP(I9, UserCodes!E:F, 2, FALSE) * H9 * 0.8, 0)) | K9: Muse, Adna | L9: =VLOOKUP(K9, UserCodes!A:B, 2, FALSE)
A10: Mohamed, Sumaya | B10: 46009 | C10: 03:30 PM - 07:00 PM | D10: 03:30 | E10: =HOUR(D10)+MINUTE(D10)/100 | F10: =ROUND(INT(E10) + (E10 - INT(E10)) * 100 / 60, 2) | G10: =E10*4 | H10: =LET(total, INT(E10)*60 + (E10-INT(E10))*100, blocks, QUOTIENT(total, 15), extra, MOD(total, 15), units, blocks + IF(extra>=8, 1, 0), units) | I10: 1/1 97153 | J10: =IF(L10="Level 1", VLOOKUP(I10, UserCodes!E:F, 2, FALSE) * H10, IF(L10="Level 2", VLOOKUP(I10, UserCodes!E:F, 2, FALSE) * H10 * 0.8, 0)) | K10: Hashi, Ridwan | L10: =VLOOKUP(K10, UserCodes!A:B, 2, FALSE)
A11: Mohamed, Sumaya | B11: 46009 | C11: 12:30 PM - 02:00 PM | D11: 01:30 | E11: =HOUR(D11)+MINUTE(D11)/100 | F11: =ROUND(INT(E11) + (E11 - INT(E11)) * 100 / 60, 2) | G11: =E11*4 | H11: =LET(total, INT(E11)*60 + (E11-INT(E11))*100, blocks, QUOTIENT(total, 15), extra, MOD(total, 15), units, blocks + IF(extra>=8, 1, 0), units) | I11: O&D 97155 | J11: =IF(L11="Level 1", VLOOKUP(I11, UserCodes!E:F, 2, FALSE) * H11, IF(L11="Level 2", VLOOKUP(I11, UserCodes!E:F, 2, FALSE) * H11 * 0.8, 0)) | K11: Muse, Adna | L11: =VLOOKUP(K11, UserCodes!A:B, 2, FALSE)
A12: Mohamed, Sumaya | B12: 46009 | C12: 12:00 PM - 02:00 PM | D12: 02:00 | E12: =HOUR(D12)+MINUTE(D12)/100 | F12: =ROUND(INT(E12) + (E12 - INT(E12)) * 100 / 60, 2) | G12: =E12*4 | H12: =LET(total, INT(E12)*60 + (E12-INT(E12))*100, blocks, QUOTIENT(total, 15), extra, MOD(total, 15), units, blocks + IF(extra>=8, 1, 0), units) | I12: 1/1 97153 | J12: =IF(L12="Level 1", VLOOKUP(I12, UserCodes!E:F, 2, FALSE) * H12, IF(L12="Level 2", VLOOKUP(I12, UserCodes!E:F, 2, FALSE) * H12 * 0.8, 0)) | K12: Hashi, Ridwan | L12: =VLOOKUP(K12, UserCodes!A:B, 2, FALSE)
A13: Mohamed, Sumaya | B13: 46010 | C13: 12:00 PM - 07:00 PM | D13: 07:00 | E13: =HOUR(D13)+MINUTE(D13)/100 | F13: =ROUND(INT(E13) + (E13 - INT(E13)) * 100 / 60, 2) | G13: =E13*4 | H13: =LET(total, INT(E13)*60 + (E13-INT(E13))*100, blocks, QUOTIENT(total, 15), extra, MOD(total, 15), units, blocks + IF(extra>=8, 1, 0), units) | I13: 1/1 97153 | J13: =IF(L13="Level 1", VLOOKUP(I13, UserCodes!E:F, 2, FALSE) * H13, IF(L13="Level 2", VLOOKUP(I13, UserCodes!E:F, 2, FALSE) * H13 * 0.8, 0)) | K13: ALI, AMIRA | L13: =VLOOKUP(K13, UserCodes!A:B, 2, FALSE)
... A18: Mohamed, Sumaya | B18: 46014 | C18: 09:05 AM - 05:00 PM | D18: 07:55 | E18: =HOUR(D18)+MINUTE(D18)/100 | F18: =ROUND(INT(E18) + (E18 - INT(E18)) * 100 / 60, 2) | G18: =E18*4 | H18: =LET(total, INT(E18)*60 + (E18-INT(E18))*100, blocks, QUOTIENT(total, 15), extra, MOD(total, 15), units, blocks + IF(extra>=8, 1, 0), units) | I18: 1/1 97153 | J18: =IF(L18="Level 1", VLOOKUP(I18, UserCodes!E:F, 2, FALSE) * H18, IF(L18="Level 2", VLOOKUP(I18, UserCodes!E:F, 2, FALSE) * H18 * 0.8, 0)) | K18: ALI, AMIRA | L18: =VLOOKUP(K18, UserCodes!A:B, 2, FALSE)

Sheet Yusuf 2, Khadra
A1: Student | B1: Service Date | C1: Session Time | D1: Session Duration | E1: Hours | F1: Pay | G1: Units | H1: FNF | I1: Code | J1: Charged Amount | K1: User | L1: Level | M1: Note | N1: Unbilled notes | O1: Expiration Date
A2: Yusuf 2, Khadra | B2: 46001 | C2: 01:00 PM - 05:30 PM | D2: 04:30 | E2: =HOUR(D2)+MINUTE(D2)/100 | F2: =ROUND(INT(E2) + (E2 - INT(E2)) * 100 / 60, 2) | G2: =E2*4 | H2: =LET(total, INT(E2)*60 + (E2-INT(E2))*100, blocks, QUOTIENT(total, 15), extra, MOD(total, 15), units, blocks + IF(extra>=8, 1, 0), units) | I2: 1/1 97153 | J2: =IF(L2="Level 1", VLOOKUP(I2, UserCodes!E:F, 2, FALSE) * H2, IF(L2="Level 2", VLOOKUP(I2, UserCodes!E:F, 2, FALSE) * H2 * 0.8, 0)) | K2: Noor, Kamilo | L2: =VLOOKUP(K2, UserCodes!A:B, 2, FALSE)
A3: Yusuf 2, Khadra | B3: 46002 | C3: 01:00 PM - 03:00 PM | D3: 02:00 | E3: =HOUR(D3)+MINUTE(D3)/100 | F3: =ROUND(INT(E3) + (E3 - INT(E3)) * 100 / 60, 2) | G3: =E3*4 | H3: =LET(total, INT(E3)*60 + (E3-INT(E3))*100, blocks, QUOTIENT(total, 15), extra, MOD(total, 15), units, blocks + IF(extra>=8, 1, 0), units) | I3: O&D 97155 | J3: =IF(L3="Level 1", VLOOKUP(I3, UserCodes!E:F, 2, FALSE) * H3, IF(L3="Level 2", VLOOKUP(I3, UserCodes!E:F, 2, FALSE) * H3 * 0.8, 0)) | K3: Muse, Ayni | L3: =VLOOKUP(K3, UserCodes!A:B, 2, FALSE)
A4: Yusuf 2, Khadra | B4: 46002 | C4: 01:00 PM - 06:00 PM | D4: 05:00 | E4: =HOUR(D4)+MINUTE(D4)/100 | F4: =ROUND(INT(E4) + (E4 - INT(E4)) * 100 / 60, 2) | G4: =E4*4 | H4: =LET(total, INT(E4)*60 + (E4-INT(E4))*100, blocks, QUOTIENT(total, 15), extra, MOD(total, 15), units, blocks + IF(extra>=8, 1, 0), units) | I4: 1/1 97153 | J4: =IF(L4="Level 1", VLOOKUP(I4, UserCodes!E:F, 2, FALSE) * H4, IF(L4="Level 2", VLOOKUP(I4, UserCodes!E:F, 2, FALSE) * H4 * 0.8, 0)) | K4: Hashi, Ridwan | L4: =VLOOKUP(K4, UserCodes!A:B, 2, FALSE)
A5: Yusuf 2, Khadra | B5: 46003 | C5: 01:00 PM - 06:00 PM | D5: 05:00 | E5: =HOUR(D5)+MINUTE(D5)/100 | F5: =ROUND(INT(E5) + (E5 - INT(E5)) * 100 / 60, 2) | G5: =E5*4 | H5: =LET(total, INT(E5)*60 + (E5-INT(E5))*100, blocks, QUOTIENT(total, 15), extra, MOD(total, 15), units, blocks + IF(extra>=8, 1, 0), units) | I5: 1/1 97153 | J5: =IF(L5="Level 1", VLOOKUP(I5, UserCodes!E:F, 2, FALSE) * H5, IF(L5="Level 2", VLOOKUP(I5, UserCodes!E:F, 2, FALSE) * H5 * 0.8, 0)) | K5: Ali, Naima | L5: =VLOOKUP(K5, UserCodes!A:B, 2, FALSE)
A6: Yusuf 2, Khadra | B6: 46004 | C6: 09:00 AM - 12:00 PM | D6: 03:00 | E6: =HOUR(D6)+MINUTE(D6)/100 | F6: =ROUND(INT(E6) + (E6 - INT(E6)) * 100 / 60, 2) | G6: =E6*4 | H6: =LET(total, INT(E6)*60 + (E6-INT(E6))*100, blocks, QUOTIENT(total, 15), extra, MOD(total, 15), units, blocks + IF(extra>=8, 1, 0), units) | I6: 1/1 97153 | J6: =IF(L6="Level 1", VLOOKUP(I6, UserCodes!E:F, 2, FALSE) * H6, IF(L6="Level 2", VLOOKUP(I6, UserCodes!E:F, 2, FALSE) * H6 * 0.8, 0)) | K6: Muse, Ayni | L6: =VLOOKUP(K6, UserCodes!A:B, 2, FALSE)
A7: Yusuf 2, Khadra | B7: 46004 | C7: 09:15 AM - 05:00 PM | D7: 07:45 | E7: =HOUR(D7)+MINUTE(D7)/100 | F7: =ROUND(INT(E7) + (E7 - INT(E7)) * 100 / 60, 2) | G7: =E7*4 | H7: =LET(total, INT(E7)*60 + (E7-INT(E7))*100, blocks, QUOTIENT(total, 15), extra, MOD(total, 15), units, blocks + IF(extra>=8, 1, 0), units) | I7: 1/1 97153 | J7: =IF(L7="Level 1", VLOOKUP(I7, UserCodes!E:F, 2, FALSE) * H7, IF(L7="Level 2", VLOOKUP(I7, UserCodes!E:F, 2, FALSE) * H7 * 0.8, 0)) | K7: Ran, Sameya | L7: =VLOOKUP(K7, UserCodes!A:B, 2, FALSE)
A8: Yusuf 2, Khadra | B8: 46006 | C8: 01:00 PM - 06:15 PM | D8: 05:15 | E8: =HOUR(D8)+MINUTE(D8)/100 | F8: =ROUND(INT(E8) + (E8 - INT(E8)) * 100 / 60, 2) | G8: =E8*4 | H8: =LET(total, INT(E8)*60 + (E8-INT(E8))*100, blocks, QUOTIENT(total, 15), extra, MOD(total, 15), units, blocks + IF(extra>=8, 1, 0), units) | I8: 1/1 97153 | J8: =IF(L8="Level 1", VLOOKUP(I8, UserCodes!E:F, 2, FALSE) * H8, IF(L8="Level 2", VLOOKUP(I8, UserCodes!E:F, 2, FALSE) * H8 * 0.8, 0)) | K8: Noor, Kamilo | L8: =VLOOKUP(K8, UserCodes!A:B, 2, FALSE)
A9: Yusuf 2, Khadra | B9: 46006 | C9: 12:55 PM - 03:30 PM | D9: 02:35 | E9: =HOUR(D9)+MINUTE(D9)/100 | F9: =ROUND(INT(E9) + (E9 - INT(E9)) * 100 / 60, 2) | G9: =E9*4 | H9: =LET(total, INT(E9)*60 + (E9-INT(E9))*100, blocks, QUOTIENT(total, 15), extra, MOD(total, 15), units, blocks + IF(extra>=8, 1, 0), units) | J9: =IF(L9="Level 1", VLOOKUP(I9, UserCodes!E:F, 2, FALSE) * H9, IF(L9="Level 2", VLOOKUP(I9, UserCodes!E:F, 2, FALSE) * H9 * 0.8, 0)) | K9: Ahmed, Jama | L9: =VLOOKUP(K9, UserCodes!A:B, 2, FALSE) | M9: No schedule
A10: Yusuf 2, Khadra | B10: 46007 | C10: 01:00 PM - 06:00 PM | D10: 05:00 | E10: =HOUR(D10)+MINUTE(D10)/100 | F10: =ROUND(INT(E10) + (E10 - INT(E10)) * 100 / 60, 2) | G10: =E10*4 | H10: =LET(total, INT(E10)*60 + (E10-INT(E10))*100, blocks, QUOTIENT(total, 15), extra, MOD(total, 15), units, blocks + IF(extra>=8, 1, 0), units) | I10: 1/1 97153 | J10: =IF(L10="Level 1", VLOOKUP(I10, UserCodes!E:F, 2, FALSE) * H10, IF(L10="Level 2", VLOOKUP(I10, UserCodes!E:F, 2, FALSE) * H10 * 0.8, 0)) | K10: Ali, Naima | L10: =VLOOKUP(K10, UserCodes!A:B, 2, FALSE)
A11: Yusuf 2, Khadra | B11: 46007 | C11: 10:00 AM - 12:30 PM | D11: 02:30 | E11: =HOUR(D11)+MINUTE(D11)/100 | F11: =ROUND(INT(E11) + (E11 - INT(E11)) * 100 / 60, 2) | G11: =E11*4 | H11: =LET(total, INT(E11)*60 + (E11-INT(E11))*100, blocks, QUOTIENT(total, 15), extra, MOD(total, 15), units, blocks + IF(extra>=8, 1, 0), units) | J11: =IF(L11="Level 1", VLOOKUP(I11, UserCodes!E:F, 2, FALSE) * H11, IF(L11="Level 2", VLOOKUP(I11, UserCodes!E:F, 2, FALSE) * H11 * 0.8, 0)) | K11: Ahmed, Jama | L11: =VLOOKUP(K11, UserCodes!A:B, 2, FALSE) | M11: No schedule
A12: Yusuf 2, Khadra | B12: 46007 | C12: 01:00 PM - 03:30 PM | D12: 02:30 | E12: =HOUR(D12)+MINUTE(D12)/100 | F12: =ROUND(INT(E12) + (E12 - INT(E12)) * 100 / 60, 2) | G12: =E12*4 | H12: =LET(total, INT(E12)*60 + (E12-INT(E12))*100, blocks, QUOTIENT(total, 15), extra, MOD(total, 15), units, blocks + IF(extra>=8, 1, 0), units) | I12: O&D 97155 | J12: =IF(L12="Level 1", VLOOKUP(I12, UserCodes!E:F, 2, FALSE) * H12, IF(L12="Level 2", VLOOKUP(I12, UserCodes!E:F, 2, FALSE) * H12 * 0.8, 0)) | K12: Muse, Aaliya | L12: =VLOOKUP(K12, UserCodes!A:B, 2, FALSE)
A13: Yusuf 2, Khadra | B13: 46008 | C13: 01:00 PM - 02:00 PM | D13: 01:00 | E13: =HOUR(D13)+MINUTE(D13)/100 | F13: =ROUND(INT(E13) + (E13 - INT(E13)) * 100 / 60, 2) | G13: =E13*4 | H13: =LET(total, INT(E13)*60 + (E13-INT(E13))*100, blocks, QUOTIENT(total, 15), extra, MOD(total, 15), units, blocks + IF(extra>=8, 1, 0), units) | I13: O&D 97155 | J13: =IF(L13="Level 1", VLOOKUP(I13, UserCodes!E:F, 2, FALSE) * H13, IF(L13="Level 2", VLOOKUP(I13, UserCodes!E:F, 2, FALSE) * H13 * 0.8, 0)) | K13: Muse, Ayni | L13: =VLOOKUP(K13, UserCodes!A:B, 2, FALSE)
A14: Yusuf 2, Khadra | B14: 46008 | C14: 01:00 PM - 06:00 PM | D14: 05:00 | E14: =HOUR(D14)+MINUTE(D14)/100 | F14: =ROUND(INT(E14) + (E14 - INT(E14)) * 100 / 60, 2) | G14: =E14*4 | H14: =LET(total, INT(E14)*60 + (E14-INT(E14))*100, blocks, QUOTIENT(total, 15), extra, MOD(total, 15), units, blocks + IF(extra>=8, 1, 0), units) | I14: 1/1 97153 | J14: =IF(L14="Level 1", VLOOKUP(I14, UserCodes!E:F, 2, FALSE) * H14, IF(L14="Level 2", VLOOKUP(I14, UserCodes!E:F, 2, FALSE) * H14 * 0.8, 0)) | K14: Hashi, Ridwan | L14: =VLOOKUP(K14, UserCodes!A:B, 2, FALSE)
A15: Yusuf 2, Khadra | B15: 46009 | C15: 01:00 PM - 04:00 PM | D15: 03:00 | E15: =HOUR(D15)+MINUTE(D15)/100 | F15: =ROUND(INT(E15) + (E15 - INT(E15)) * 100 / 60, 2) | G15: =E15*4 | H15: =LET(total, INT(E15)*60 + (E15-INT(E15))*100, blocks, QUOTIENT(total, 15), extra, MOD(total, 15), units, blocks + IF(extra>=8, 1, 0), units) | I15: O&D 97155 | J15: =IF(L15="Level 1", VLOOKUP(I15, UserCodes!E:F, 2, FALSE) * H15, IF(L15="Level 2", VLOOKUP(I15, UserCodes!E:F, 2, FALSE) * H15 * 0.8, 0)) | K15: Muse, Ayni | L15: =VLOOKUP(K15, UserCodes!A:B, 2, FALSE)
A16: Yusuf 2, Khadra | B16: 46009 | C16: 09:35 AM - 11:40 AM | D16: 02:05 | E16: =HOUR(D16)+MINUTE(D16)/100 | F16: =ROUND(INT(E16) + (E16 - INT(E16)) * 100 / 60, 2) | G16: =E16*4 | H16: =LET(total, INT(E16)*60 + (E16-INT(E16))*100, blocks, QUOTIENT(total, 15), extra, MOD(total, 15), units, blocks + IF(extra>=8, 1, 0), units) | J16: =IF(L16="Level 1", VLOOKUP(I16, UserCodes!E:F, 2, FALSE) * H16, IF(L16="Level 2", VLOOKUP(I16, UserCodes!E:F, 2, FALSE) * H16 * 0.8, 0)) | K16: Ahmed, Jama | L16: =VLOOKUP(K16, UserCodes!A:B, 2, FALSE) | M16: No schedule
A17: Yusuf 2, Khadra | B17: 46009 | C17: 01:00 PM - 06:00 PM | D17: 05:00 | E17: =HOUR(D17)+MINUTE(D17)/100 | F17: =ROUND(INT(E17) + (E17 - INT(E17)) * 100 / 60, 2) | G17: =E17*4 | H17: =LET(total, INT(E17)*60 + (E17-INT(E17))*100, blocks, QUOTIENT(total, 15), extra, MOD(total, 15), units, blocks + IF(extra>=8, 1, 0), units) | I17: 1/1 97153 | J17: =IF(L17="Level 1", VLOOKUP(I17, UserCodes!E:F, 2, FALSE) * H17, IF(L17="Level 2", VLOOKUP(I17, UserCodes!E:F, 2, FALSE) * H17 * 0.8, 0)) | K17: Ali, Naima | L17: =VLOOKUP(K17, UserCodes!A:B, 2, FALSE)
A18: Yusuf 2, Khadra | B18: 46011 | C18: 09:00 AM - 11:15 AM | D18: 02:15 | E18: =HOUR(D18)+MINUTE(D18)/100 | F18: =ROUND(INT(E18) + (E18 - INT(E18)) * 100 / 60, 2) | G18: =E18*4 | H18: =LET(total, INT(E18)*60 + (E18-INT(E18))*100, blocks, QUOTIENT(total, 15), extra, MOD(total, 15), units, blocks + IF(extra>=8, 1, 0), units) | I18: 1/1 97153 | J18: =IF(L18="Level 1", VLOOKUP(I18, UserCodes!E:F, 2, FALSE) * H18, IF(L18="Level 2", VLOOKUP(I18, UserCodes!E:F, 2, FALSE) * H18 * 0.8, 0)) | K18: Osman, Basra | L18: =VLOOKUP(K18, UserCodes!A:B, 2, FALSE)
A19: Yusuf 2, Khadra | B19: 46011 | C19: 11:15 AM - 05:12 PM | D19: 05:57 | E19: =HOUR(D19)+MINUTE(D19)/100 | F19: =ROUND(INT(E19) + (E19 - INT(E19)) * 100 / 60, 2) | G19: =E19*4 | H19: =LET(total, INT(E19)*60 + (E19-INT(E19))*100, blocks, QUOTIENT(total, 15), extra, MOD(total, 15), units, blocks + IF(extra>=8, 1, 0), units) | I19: 1/1 97153 | J19: =IF(L19="Level 1", VLOOKUP(I19, UserCodes!E:F, 2, FALSE) * H19, IF(L19="Level 2", VLOOKUP(I19, UserCodes!E:F, 2, FALSE) * H19 * 0.8, 0)) | K19: Barqab, Mushtaq | L19: =VLOOKUP(K19, UserCodes!A:B, 2, FALSE)
A20: Yusuf 2, Khadra | B20: 46011 | C20: 11:30 AM - 01:00 PM | D20: 01:30 | E20: =HOUR(D20)+MINUTE(D20)/100 | F20: =ROUND(INT(E20) + (E20 - INT(E20)) * 100 / 60, 2) | G20: =E20*4 | H20: =LET(total, INT(E20)*60 + (E20-INT(E20))*100, blocks, QUOTIENT(total, 15), extra, MOD(total, 15), units, blocks + IF(extra>=8, 1, 0), units) | I20: O&D 97155 | J20: =IF(L20="Level 1", VLOOKUP(I20, UserCodes!E:F, 2, FALSE) * H20, IF(L20="Level 2", VLOOKUP(I20, UserCodes!E:F, 2, FALSE) * H20 * 0.8, 0)) | K20: Ibrahim, Ahmed | L20: =VLOOKUP(K20, UserCodes!A:B, 2, FALSE)
A21: Yusuf 2, Khadra | B21: 46012 | C21: 10:00 AM - 12:30 PM | D21: 02:30 | E21: =HOUR(D21)+MINUTE(D21)/100 | F21: =ROUND(INT(E21) + (E21 - INT(E21)) * 100 / 60, 2) | G21: =E21*4 | H21: =LET(total, INT(E21)*60 + (E21-INT(E21))*100, blocks, QUOTIENT(total, 15), extra, MOD(total, 15), units, blocks + IF(extra>=8, 1, 0), units) | J21: =IF(L21="Level 1", VLOOKUP(I21, UserCodes!E:F, 2, FALSE) * H21, IF(L21="Level 2", VLOOKUP(I21, UserCodes!E:F, 2, FALSE) * H21 * 0.8, 0)) | K21: Ahmed, Jama | L21: =VLOOKUP(K21, UserCodes!A:B, 2, FALSE) | M21: No schedule
A22: Yusuf 2, Khadra | B22: 46013 | C22: 10:00 AM - 12:30 PM | D22: 02:30 | E22: =HOUR(D22)+MINUTE(D22)/100 | F22: =ROUND(INT(E22) + (E22 - INT(E22)) * 100 / 60, 2) | G22: =E22*4 | H22: =LET(total, INT(E22)*60 + (E22-INT(E22))*100, blocks, QUOTIENT(total, 15), extra, MOD(total, 15), units, blocks + IF(extra>=8, 1, 0), units) | I22: 1/1 97153 | J22: =IF(L22="Level 1", VLOOKUP(I22, UserCodes!E:F, 2, FALSE) * H22, IF(L22="Level 2", VLOOKUP(I22, UserCodes!E:F, 2, FALSE) * H22 * 0.8, 0)) | K22: Hashi, Ridwan | L22: =VLOOKUP(K22, UserCodes!A:B, 2, FALSE)
A23: Yusuf 2, Khadra | B23: 46013 | C23: 10:00 AM - 12:30 PM | D23: 02:30 | E23: =HOUR(D23)+MINUTE(D23)/100 | F23: =ROUND(INT(E23) + (E23 - INT(E23)) * 100 / 60, 2) | G23: =E23*4 | H23: =LET(total, INT(E23)*60 + (E23-INT(E23))*100, blocks, QUOTIENT(total, 15), extra, MOD(total, 15), units, blocks + IF(extra>=8, 1, 0), units) | I23: O&D 97155 | J23: =IF(L23="Level 1", VLOOKUP(I23, UserCodes!E:F, 2, FALSE) * H23, IF(L23="Level 2", VLOOKUP(I23, UserCodes!E:F, 2, FALSE) * H23 * 0.8, 0)) | K23: Muse, Adna | L23: =VLOOKUP(K23, UserCodes!A:B, 2, FALSE)
A24: Yusuf 2, Khadra | B24: 46013 | C24: 01:00 PM - 06:00 PM | D24: 05:00 | E24: =HOUR(D24)+MINUTE(D24)/100 | F24: =ROUND(INT(E24) + (E24 - INT(E24)) * 100 / 60, 2) | G24: =E24*4 | H24: =LET(total, INT(E24)*60 + (E24-INT(E24))*100, blocks, QUOTIENT(total, 15), extra, MOD(total, 15), units, blocks + IF(extra>=8, 1, 0), units) | I24: 1/1 97153 | J24: =IF(L24="Level 1", VLOOKUP(I24, UserCodes!E:F, 2, FALSE) * H24, IF(L24="Level 2", VLOOKUP(I24, UserCodes!E:F, 2, FALSE) * H24 * 0.8, 0)) | K24: Hashi, Ridwan | L24: =VLOOKUP(K24, UserCodes!A:B, 2, FALSE)
A25: Yusuf 2, Khadra | B25: 46014 | C25: 12:00pm - 12:30pm | E25: =HOUR(D25)+MINUTE(D25)/100 | F25: =ROUND(INT(E25) + (E25 - INT(E25)) * 100 / 60, 2) | G25: =E25*4 | H25: =LET(total, INT(E25)*60 + (E25-INT(E25))*100, blocks, QUOTIENT(total, 15), extra, MOD(total, 15), units, blocks + IF(extra>=8, 1, 0), units) | I25: 1/1 97153 | J25: =IF(L25="Level 1", VLOOKUP(I25, UserCodes!E:F, 2, FALSE) * H25, IF(L25="Level 2", VLOOKUP(I25, UserCodes!E:F, 2, FALSE) * H25 * 0.8, 0)) | K25: Ibrahim, Ahmed | L25: =VLOOKUP(K25, UserCodes!A:B, 2, FALSE) | M25: No note
A26: Yusuf 2, Khadra | B26: 46014 | C26: 01:15 PM - 03:40 PM | D26: 02:25 | E26: =HOUR(D26)+MINUTE(D26)/100 | F26: =ROUND(INT(E26) + (E26 - INT(E26)) * 100 / 60, 2) | G26: =E26*4 | H26: =LET(total, INT(E26)*60 + (E26-INT(E26))*100, blocks, QUOTIENT(total, 15), extra, MOD(total, 15), units, blocks + IF(extra>=8, 1, 0), units) | J26: =IF(L26="Level 1", VLOOKUP(I26, UserCodes!E:F, 2, FALSE) * H26, IF(L26="Level 2", VLOOKUP(I26, UserCodes!E:F, 2, FALSE) * H26 * 0.8, 0)) | K26: Ahmed, Jama | L26: =VLOOKUP(K26, UserCodes!A:B, 2, FALSE) | M26: No schedule
A27: Yusuf 2, Khadra | B27: 46014 | C27: 12:30 PM - 06:00 PM | D27: 05:30 | E27: =HOUR(D27)+MINUTE(D27)/100 | F27: =ROUND(INT(E27) + (E27 - INT(E27)) * 100 / 60, 2) | G27: =E27*4 | H27: =LET(total, INT(E27)*60 + (E27-INT(E27))*100, blocks, QUOTIENT(total, 15), extra, MOD(total, 15), units, blocks + IF(extra>=8, 1, 0), units) | I27: 1/1 97153 | J27: =IF(L27="Level 1", VLOOKUP(I27, UserCodes!E:F, 2, FALSE) * H27, IF(L27="Level 2", VLOOKUP(I27, UserCodes!E:F, 2, FALSE) * H27 * 0.8, 0)) | K27: Muse, Ayni | L27: =VLOOKUP(K27, UserCodes!A:B, 2, FALSE)
A28: Yusuf 2, Khadra | B28: 46014 | C28: 10:00 AM - 12:00 PM | D28: 02:00 | E28: =HOUR(D28)+MINUTE(D28)/100 | F28: =ROUND(INT(E28) + (E28 - INT(E28)) * 100 / 60, 2) | G28: =E28*4 | H28: =LET(total, INT(E28)*60 + (E28-INT(E28))*100, blocks, QUOTIENT(total, 15), extra, MOD(total, 15), units, blocks + IF(extra>=8, 1, 0), units) | I28: 1/1 97153 | J28: =IF(L28="Level 1", VLOOKUP(I28, UserCodes!E:F, 2, FALSE) * H28, IF(L28="Level 2", VLOOKUP(I28, UserCodes!E:F, 2, FALSE) * H28 * 0.8, 0)) | K28: Muse, Ayni | L28: =VLOOKUP(K28, UserCodes!A:B, 2, FALSE)

Sheet Abdi, Samira
A1: Student | B1: Service Date | C1: Session Time | D1: Session Duration | E1: Hours | F1: Pay | G1: Units | H1: FNF | I1: Code | J1: Charged Amount | K1: User | L1: Level | M1: Note | N1: Unbilled notes | O1: Expiration Date
A2: Abdi, Samira | B2: 46001 | C2: 10:00 AM - 12:30 PM | D2: 02:30 | E2: =HOUR(D2)+MINUTE(D2)/100 | F2: =ROUND(INT(E2) + (E2 - INT(E2)) * 100 / 60, 2) | G2: =E2*4 | H2: =LET(total, INT(E2)*60 + (E2-INT(E2))*100, blocks, QUOTIENT(total, 15), extra, MOD(total, 15), units, blocks + IF(extra>=8, 1, 0), units) | J2: =IF(L2="Level 1", VLOOKUP(I2, UserCodes!E:F, 2, FALSE) * H2, IF(L2="Level 2", VLOOKUP(I2, UserCodes!E:F, 2, FALSE) * H2 * 0.8, 0)) | K2: Ahmed, Jama | L2: =VLOOKUP(K2, UserCodes!A:B, 2, FALSE) | M2: No schedule
A3: Abdi, Samira | B3: 46002 | C3: 06:30 PM - 08:00 PM | D3: 01:30 | E3: =HOUR(D3)+MINUTE(D3)/100 | F3: =ROUND(INT(E3) + (E3 - INT(E3)) * 100 / 60, 2) | G3: =E3*4 | H3: =LET(total, INT(E3)*60 + (E3-INT(E3))*100, blocks, QUOTIENT(total, 15), extra, MOD(total, 15), units, blocks + IF(extra>=8, 1, 0), units) | I3: O&D 97155 | J3: =IF(L3="Level 1", VLOOKUP(I3, UserCodes!E:F, 2, FALSE) * H3, IF(L3="Level 2", VLOOKUP(I3, UserCodes!E:F, 2, FALSE) * H3 * 0.8, 0)) | K3: Ali, Nasteho | L3: =VLOOKUP(K3, UserCodes!A:B, 2, FALSE)
A4: Abdi, Samira | B4: 46002 | C4: 05:00 PM - 06:00 PM | D4: 01:00 | E4: =HOUR(D4)+MINUTE(D4)/100 | F4: =ROUND(INT(E4) + (E4 - INT(E4)) * 100 / 60, 2) | G4: =E4*4 | H4: =LET(total, INT(E4)*60 + (E4-INT(E4))*100, blocks, QUOTIENT(total, 15), extra, MOD(total, 15), units, blocks + IF(extra>=8, 1, 0), units) | J4: =IF(L4="Level 1", VLOOKUP(I4, UserCodes!E:F, 2, FALSE) * H4, IF(L4="Level 2", VLOOKUP(I4, UserCodes!E:F, 2, FALSE) * H4 * 0.8, 0)) | K4: El-Tay, Dr. Ismael | L4: =VLOOKUP(K4, UserCodes!A:B, 2, FALSE) | M4: No schedule
A5: Abdi, Samira | B5: 46002 | C5: 04:00 PM - 08:00 PM | D5: 04:00 | E5: =HOUR(D5)+MINUTE(D5)/100 | F5: =ROUND(INT(E5) + (E5 - INT(E5)) * 100 / 60, 2) | G5: =E5*4 | H5: =LET(total, INT(E5)*60 + (E5-INT(E5))*100, blocks, QUOTIENT(total, 15), extra, MOD(total, 15), units, blocks + IF(extra>=8, 1, 0), units) | I5: 1/1 97153 | J5: =IF(L5="Level 1", VLOOKUP(I5, UserCodes!E:F, 2, FALSE) * H5, IF(L5="Level 2", VLOOKUP(I5, UserCodes!E:F, 2, FALSE) * H5 * 0.8, 0)) | K5: Muse, Nawaal | L5: =VLOOKUP(K5, UserCodes!A:B, 2, FALSE)
A6: Abdi, Samira | B6: 46003 | C6: 04:00 PM - 08:00 PM | D6: 04:00 | E6: =HOUR(D6)+MINUTE(D6)/100 | F6: =ROUND(INT(E6) + (E6 - INT(E6)) * 100 / 60, 2) | G6: =E6*4 | H6: =LET(total, INT(E6)*60 + (E6-INT(E6))*100, blocks, QUOTIENT(total, 15), extra, MOD(total, 15), units, blocks + IF(extra>=8, 1, 0), units) | I6: 1/1 97153 | J6: =IF(L6="Level 1", VLOOKUP(I6, UserCodes!E:F, 2, FALSE) * H6, IF(L6="Level 2", VLOOKUP(I6, UserCodes!E:F, 2, FALSE) * H6 * 0.8, 0)) | K6: Muse, Ayni | L6: =VLOOKUP(K6, UserCodes!A:B, 2, FALSE)
A7: Abdi, Samira | B7: 46003 | C7: 09:00 AM - 11:30 AM | D7: 02:30 | E7: =HOUR(D7)+MINUTE(D7)/100 | F7: =ROUND(INT(E7) + (E7 - INT(E7)) * 100 / 60, 2) | G7: =E7*4 | H7: =LET(total, INT(E7)*60 + (E7-INT(E7))*100, blocks, QUOTIENT(total, 15), extra, MOD(total, 15), units, blocks + IF(extra>=8, 1, 0), units) | J7: =IF(L7="Level 1", VLOOKUP(I7, UserCodes!E:F, 2, FALSE) * H7, IF(L7="Level 2", VLOOKUP(I7, UserCodes!E:F, 2, FALSE) * H7 * 0.8, 0)) | K7: Ahmed, Jama | L7: =VLOOKUP(K7, UserCodes!A:B, 2, FALSE) | M7: No schedule
A8: Abdi, Samira | B8: 46003 | C8: 04:00pm - 08:00pm | E8: =HOUR(D8)+MINUTE(D8)/100 | F8: =ROUND(INT(E8) + (E8 - INT(E8)) * 100 / 60, 2) | G8: =E8*4 | H8: =LET(total, INT(E8)*60 + (E8-INT(E8))*100, blocks, QUOTIENT(total, 15), extra, MOD(total, 15), units, blocks + IF(extra>=8, 1, 0), units) | I8: 1/1 97153 | J8: =IF(L8="Level 1", VLOOKUP(I8, UserCodes!E:F, 2, FALSE) * H8, IF(L8="Level 2", VLOOKUP(I8, UserCodes!E:F, 2, FALSE) * H8 * 0.8, 0)) | K8: Abdulle, Zamzam | L8: =VLOOKUP(K8, UserCodes!A:B, 2, FALSE) | M8: No note
A9: Abdi, Samira | B9: 46004 | C9: 10:00 AM - 01:00 PM | D9: 03:00 | E9: =HOUR(D9)+MINUTE(D9)/100 | F9: =ROUND(INT(E9) + (E9 - INT(E9)) * 100 / 60, 2) | G9: =E9*4 | H9: =LET(total, INT(E9)*60 + (E9-INT(E9))*100, blocks, QUOTIENT(total, 15), extra, MOD(total, 15), units, blocks + IF(extra>=8, 1, 0), units) | I9: O&D 97155 | J9: =IF(L9="Level 1", VLOOKUP(I9, UserCodes!E:F, 2, FALSE) * H9, IF(L9="Level 2", VLOOKUP(I9, UserCodes!E:F, 2, FALSE) * H9 * 0.8, 0)) | K9: Muse, Adna | L9: =VLOOKUP(K9, UserCodes!A:B, 2, FALSE)
A10: Abdi, Samira | B10: 46004 | C10: 10:30 AM - 06:00 PM | D10: 07:30 | E10: =HOUR(D10)+MINUTE(D10)/100 | F10: =ROUND(INT(E10) + (E10 - INT(E10)) * 100 / 60, 2) | G10: =E10*4 | H10: =LET(total, INT(E10)*60 + (E10-INT(E10))*100, blocks, QUOTIENT(total, 15), extra, MOD(total, 15), units, blocks + IF(extra>=8, 1, 0), units) | I10: 1/1 97153 | J10: =IF(L10="Level 1", VLOOKUP(I10, UserCodes!E:F, 2, FALSE) * H10, IF(L10="Level 2", VLOOKUP(I10, UserCodes!E:F, 2, FALSE) * H10 * 0.8, 0)) | K10: Muse, Nawaal | L10: =VLOOKUP(K10, UserCodes!A:B, 2, FALSE)
A11: Abdi, Samira | B11: 46006 | C11: 04:00 PM - 07:00 PM | D11: 03:00 | E11: =HOUR(D11)+MINUTE(D11)/100 | F11: =ROUND(INT(E11) + (E11 - INT(E11)) * 100 / 60, 2) | G11: =E11*4 | H11: =LET(total, INT(E11)*60 + (E11-INT(E11))*100, blocks, QUOTIENT(total, 15), extra, MOD(total, 15), units, blocks + IF(extra>=8, 1, 0), units) | I11: O&D 97155 | J11: =IF(L11="Level 1", VLOOKUP(I11, UserCodes!E:F, 2, FALSE) * H11, IF(L11="Level 2", VLOOKUP(I11, UserCodes!E:F, 2, FALSE) * H11 * 0.8, 0)) | K11: Muse, Ayni | L11: =VLOOKUP(K11, UserCodes!A:B, 2, FALSE)
A12: Abdi, Samira | B12: 46006 | C12: 04:00 PM - 08:00 PM | D12: 04:00 | E12: =HOUR(D12)+MINUTE(D12)/100 | F12: =ROUND(INT(E12) + (E12 - INT(E12)) * 100 / 60, 2) | G12: =E12*4 | H12: =LET(total, INT(E12)*60 + (E12-INT(E12))*100, blocks, QUOTIENT(total, 15), extra, MOD(total, 15), units, blocks + IF(extra>=8, 1, 0), units) | I12: 1/1 97153 | J12: =IF(L12="Level 1", VLOOKUP(I12, UserCodes!E:F, 2, FALSE) * H12, IF(L12="Level 2", VLOOKUP(I12, UserCodes!E:F, 2, FALSE) * H12 * 0.8, 0)) | K12: Ran, Sameya | L12: =VLOOKUP(K12, UserCodes!A:B, 2, FALSE)
A13: Abdi, Samira | B13: 46007 | C13: 06:20 PM - 08:00 PM | D13: 01:40 | E13: =HOUR(D13)+MINUTE(D13)/100 | F13: =ROUND(INT(E13) + (E13 - INT(E13)) * 100 / 60, 2) | G13: =E13*4 | H13: =LET(total, INT(E13)*60 + (E13-INT(E13))*100, blocks, QUOTIENT(total, 15), extra, MOD(total, 15), units, blocks + IF(extra>=8, 1, 0), units) | I13: O&D 97155 | J13: =IF(L13="Level 1", VLOOKUP(I13, UserCodes!E:F, 2, FALSE) * H13, IF(L13="Level 2", VLOOKUP(I13, UserCodes!E:F, 2, FALSE) * H13 * 0.8, 0)) | K13: Muse, Ayni | L13: =VLOOKUP(K13, UserCodes!A:B, 2, FALSE)
A14: Abdi, Samira | B14: 46007 | C14: 01:35 PM - 03:55 PM | D14: 02:20 | E14: =HOUR(D14)+MINUTE(D14)/100 | F14: =ROUND(INT(E14) + (E14 - INT(E14)) * 100 / 60, 2) | G14: =E14*4 | H14: =LET(total, INT(E14)*60 + (E14-INT(E14))*100, blocks, QUOTIENT(total, 15), extra, MOD(total, 15), units, blocks + IF(extra>=8, 1, 0), units) | J14: =IF(L14="Level 1", VLOOKUP(I14, UserCodes!E:F, 2, FALSE) * H14, IF(L14="Level 2", VLOOKUP(I14, UserCodes!E:F, 2, FALSE) * H14 * 0.8, 0)) | K14: Ahmed, Jama | L14: =VLOOKUP(K14, UserCodes!A:B, 2, FALSE) | M14: No schedule
A15: Abdi, Samira | B15: 46007 | C15: 04:00 PM - 08:00 PM | D15: 04:00 | E15: =HOUR(D15)+MINUTE(D15)/100 | F15: =ROUND(INT(E15) + (E15 - INT(E15)) * 100 / 60, 2) | G15: =E15*4 | H15: =LET(total, INT(E15)*60 + (E15-INT(E15))*100, blocks, QUOTIENT(total, 15), extra, MOD(total, 15), units, blocks + IF(extra>=8, 1, 0), units) | I15: 1/1 97153 | J15: =IF(L15="Level 1", VLOOKUP(I15, UserCodes!E:F, 2, FALSE) * H15, IF(L15="Level 2", VLOOKUP(I15, UserCodes!E:F, 2, FALSE) * H15 * 0.8, 0)) | K15: Muse, Nawaal | L15: =VLOOKUP(K15, UserCodes!A:B, 2, FALSE)
A16: Abdi, Samira | B16: 46008 | C16: 05:00 PM - 08:00 PM | D16: 03:00 | E16: =HOUR(D16)+MINUTE(D16)/100 | F16: =ROUND(INT(E16) + (E16 - INT(E16)) * 100 / 60, 2) | G16: =E16*4 | H16: =LET(total, INT(E16)*60 + (E16-INT(E16))*100, blocks, QUOTIENT(total, 15), extra, MOD(total, 15), units, blocks + IF(extra>=8, 1, 0), units) | I16: O&D 97155 | J16: =IF(L16="Level 1", VLOOKUP(I16, UserCodes!E:F, 2, FALSE) * H16, IF(L16="Level 2", VLOOKUP(I16, UserCodes!E:F, 2, FALSE) * H16 * 0.8, 0)) | K16: Muse, Ayni | L16: =VLOOKUP(K16, UserCodes!A:B, 2, FALSE)
A17: Abdi, Samira | B17: 46008 | C17: 04:00 PM - 08:00 PM | D17: 04:00 | E17: =HOUR(D17)+MINUTE(D17)/100 | F17: =ROUND(INT(E17) + (E17 - INT(E17)) * 100 / 60, 2) | G17: =E17*4 | H17: =LET(total, INT(E17)*60 + (E17-INT(E17))*100, blocks, QUOTIENT(total, 15), extra, MOD(total, 15), units, blocks + IF(extra>=8, 1, 0), units) | I17: 1/1 97153 | J17: =IF(L17="Level 1", VLOOKUP(I17, UserCodes!E:F, 2, FALSE) * H17, IF(L17="Level 2", VLOOKUP(I17, UserCodes!E:F, 2, FALSE) * H17 * 0.8, 0)) | K17: Barqab, Mushtaq | L17: =VLOOKUP(K17, UserCodes!A:B, 2, FALSE)
A18: Abdi, Samira | B18: 46009 | C18: 04:00pm - 05:00pm | E18: =HOUR(D18)+MINUTE(D18)/100 | F18: =ROUND(INT(E18) + (E18 - INT(E18)) * 100 / 60, 2) | G18: =E18*4 | H18: =LET(total, INT(E18)*60 + (E18-INT(E18))*100, blocks, QUOTIENT(total, 15), extra, MOD(total, 15), units, blocks + IF(extra>=8, 1, 0), units) | I18: 1/1 97153 | J18: =IF(L18="Level 1", VLOOKUP(I18, UserCodes!E:F, 2, FALSE) * H18, IF(L18="Level 2", VLOOKUP(I18, UserCodes!E:F, 2, FALSE) * H18 * 0.8, 0)) | K18: Abdulle, Zamzam | L18: =VLOOKUP(K18, UserCodes!A:B, 2, FALSE) | M18: No note
A19: Abdi, Samira | B19: 46009 | C19: 12:55 PM - 03:10 PM | D19: 02:15 | E19: =HOUR(D19)+MINUTE(D19)/100 | F19: =ROUND(INT(E19) + (E19 - INT(E19)) * 100 / 60, 2) | G19: =E19*4 | H19: =LET(total, INT(E19)*60 + (E19-INT(E19))*100, blocks, QUOTIENT(total, 15), extra, MOD(total, 15), units, blocks + IF(extra>=8, 1, 0), units) | J19: =IF(L19="Level 1", VLOOKUP(I19, UserCodes!E:F, 2, FALSE) * H19, IF(L19="Level 2", VLOOKUP(I19, UserCodes!E:F, 2, FALSE) * H19 * 0.8, 0)) | K19: Ahmed, Jama | L19: =VLOOKUP(K19, UserCodes!A:B, 2, FALSE) | M19: No schedule
A20: Abdi, Samira | B20: 46009 | C20: 05:00 PM - 08:00 PM | D20: 03:00 | E20: =HOUR(D20)+MINUTE(D20)/100 | F20: =ROUND(INT(E20) + (E20 - INT(E20)) * 100 / 60, 2) | G20: =E20*4 | H20: =LET(total, INT(E20)*60 + (E20-INT(E20))*100, blocks, QUOTIENT(total, 15), extra, MOD(total, 15), units, blocks + IF(extra>=8, 1, 0), units) | I20: 1/1 97153 | J20: =IF(L20="Level 1", VLOOKUP(I20, UserCodes!E:F, 2, FALSE) * H20, IF(L20="Level 2", VLOOKUP(I20, UserCodes!E:F, 2, FALSE) * H20 * 0.8, 0)) | K20: Omar, Mohamed | L20: =VLOOKUP(K20, UserCodes!A:B, 2, FALSE)
A21: Abdi, Samira | B21: 46010 | C21: 04:00 PM - 08:00 PM | D21: 04:00 | E21: =HOUR(D21)+MINUTE(D21)/100 | F21: =ROUND(INT(E21) + (E21 - INT(E21)) * 100 / 60, 2) | G21: =E21*4 | H21: =LET(total, INT(E21)*60 + (E21-INT(E21))*100, blocks, QUOTIENT(total, 15), extra, MOD(total, 15), units, blocks + IF(extra>=8, 1, 0), units) | I21: 1/1 97153 | J21: =IF(L21="Level 1", VLOOKUP(I21, UserCodes!E:F, 2, FALSE) * H21, IF(L21="Level 2", VLOOKUP(I21, UserCodes!E:F, 2, FALSE) * H21 * 0.8, 0)) | K21: Muse, Adna | L21: =VLOOKUP(K21, UserCodes!A:B, 2, FALSE)
A22: Abdi, Samira | B22: 46011 | C22: 11:15 AM - 12:30 PM | D22: 01:15 | E22: =HOUR(D22)+MINUTE(D22)/100 | F22: =ROUND(INT(E22) + (E22 - INT(E22)) * 100 / 60, 2) | G22: =E22*4 | H22: =LET(total, INT(E22)*60 + (E22-INT(E22))*100, blocks, QUOTIENT(total, 15), extra, MOD(total, 15), units, blocks + IF(extra>=8, 1, 0), units) | I22: 1/1 97153 | J22: =IF(L22="Level 1", VLOOKUP(I22, UserCodes!E:F, 2, FALSE) * H22, IF(L22="Level 2", VLOOKUP(I22, UserCodes!E:F, 2, FALSE) * H22 * 0.8, 0)) | K22: Osman, Basra | L22: =VLOOKUP(K22, UserCodes!A:B, 2, FALSE)
A23: Abdi, Samira | B23: 46013 | C23: 04:30 PM - 08:00 PM | D23: 03:30 | E23: =HOUR(D23)+MINUTE(D23)/100 | F23: =ROUND(INT(E23) + (E23 - INT(E23)) * 100 / 60, 2) | G23: =E23*4 | H23: =LET(total, INT(E23)*60 + (E23-INT(E23))*100, blocks, QUOTIENT(total, 15), extra, MOD(total, 15), units, blocks + IF(extra>=8, 1, 0), units) | I23: 1/1 97153 | J23: =IF(L23="Level 1", VLOOKUP(I23, UserCodes!E:F, 2, FALSE) * H23, IF(L23="Level 2", VLOOKUP(I23, UserCodes!E:F, 2, FALSE) * H23 * 0.8, 0)) | K23: Ali, Naima | L23: =VLOOKUP(K23, UserCodes!A:B, 2, FALSE)
A24: Abdi, Samira | B24: 46013 | C24: 12:00 PM - 04:00 PM | D24: 04:00 | E24: =HOUR(D24)+MINUTE(D24)/100 | F24: =ROUND(INT(E24) + (E24 - INT(E24)) * 100 / 60, 2) | G24: =E24*4 | H24: =LET(total, INT(E24)*60 + (E24-INT(E24))*100, blocks, QUOTIENT(total, 15), extra, MOD(total, 15), units, blocks + IF(extra>=8, 1, 0), units) | I24: 1/1 97153 | J24: =IF(L24="Level 1", VLOOKUP(I24, UserCodes!E:F, 2, FALSE) * H24, IF(L24="Level 2", VLOOKUP(I24, UserCodes!E:F, 2, FALSE) * H24 * 0.8, 0)) | K24: Ali, Naima | L24: =VLOOKUP(K24, UserCodes!A:B, 2, FALSE)
A25: Abdi, Samira | B25: 46013 | C25: 09:30 AM - 11:45 AM | D25: 02:15 | E25: =HOUR(D25)+MINUTE(D25)/100 | F25: =ROUND(INT(E25) + (E25 - INT(E25)) * 100 / 60, 2) | G25: =E25*4 | H25: =LET(total, INT(E25)*60 + (E25-INT(E25))*100, blocks, QUOTIENT(total, 15), extra, MOD(total, 15), units, blocks + IF(extra>=8, 1, 0), units) | J25: =IF(L25="Level 1", VLOOKUP(I25, UserCodes!E:F, 2, FALSE) * H25, IF(L25="Level 2", VLOOKUP(I25, UserCodes!E:F, 2, FALSE) * H25 * 0.8, 0)) | K25: Ahmed, Jama | L25: =VLOOKUP(K25, UserCodes!A:B, 2, FALSE) | M25: No schedule
A26: Abdi, Samira | B26: 46014 | C26: 12:15 PM - 08:00 PM | D26: 07:45 | E26: =HOUR(D26)+MINUTE(D26)/100 | F26: =ROUND(INT(E26) + (E26 - INT(E26)) * 100 / 60, 2) | G26: =E26*4 | H26: =LET(total, INT(E26)*60 + (E26-INT(E26))*100, blocks, QUOTIENT(total, 15), extra, MOD(total, 15), units, blocks + IF(extra>=8, 1, 0), units) | I26: 1/1 97153 | J26: =IF(L26="Level 1", VLOOKUP(I26, UserCodes!E:F, 2, FALSE) * H26, IF(L26="Level 2", VLOOKUP(I26, UserCodes!E:F, 2, FALSE) * H26 * 0.8, 0)) | K26: Ran, Sameya | L26: =VLOOKUP(K26, UserCodes!A:B, 2, FALSE)

Sheet Abdi, Mohamed
A1: Student | B1: Service Date | C1: Session Time | D1: Session Duration | E1: Hours | F1: Pay | G1: Units | H1: FNF | I1: Code | J1: Charged Amount | K1: User | L1: Level | M1: Note | N1: Unbilled notes | O1: Expiration Date
A2: Abdi, Mohamed | B2: 46002 | C2: 03:00 PM - 08:00 PM | D2: 05:00 | E2: =HOUR(D2)+MINUTE(D2)/100 | F2: =ROUND(INT(E2) + (E2 - INT(E2)) * 100 / 60, 2) | G2: =E2*4 | H2: =LET(total, INT(E2)*60 + (E2-INT(E2))*100, blocks, QUOTIENT(total, 15), extra, MOD(total, 15), units, blocks + IF(extra>=8, 1, 0), units) | I2: 1/1 97153 | J2: =IF(L2="Level 1", VLOOKUP(I2, UserCodes!E:F, 2, FALSE) * H2, IF(L2="Level 2", VLOOKUP(I2, UserCodes!E:F, 2, FALSE) * H2 * 0.8, 0)) | K2: Omar, Mohamed | L2: =VLOOKUP(K2, UserCodes!A:B, 2, FALSE)
A3: Abdi, Mohamed | B3: 46002 | C3: 04:00 PM - 07:00 PM | D3: 03:00 | E3: =HOUR(D3)+MINUTE(D3)/100 | F3: =ROUND(INT(E3) + (E3 - INT(E3)) * 100 / 60, 2) | G3: =E3*4 | H3: =LET(total, INT(E3)*60 + (E3-INT(E3))*100, blocks, QUOTIENT(total, 15), extra, MOD(total, 15), units, blocks + IF(extra>=8, 1, 0), units) | I3: O&D 97155 | J3: =IF(L3="Level 1", VLOOKUP(I3, UserCodes!E:F, 2, FALSE) * H3, IF(L3="Level 2", VLOOKUP(I3, UserCodes!E:F, 2, FALSE) * H3 * 0.8, 0)) | K3: Hawadle, Abdiaziz | L3: =VLOOKUP(K3, UserCodes!A:B, 2, FALSE)
A4: Abdi, Mohamed | B4: 46003 | C4: 03:00 PM - 08:00 PM | D4: 05:00 | E4: =HOUR(D4)+MINUTE(D4)/100 | F4: =ROUND(INT(E4) + (E4 - INT(E4)) * 100 / 60, 2) | G4: =E4*4 | H4: =LET(total, INT(E4)*60 + (E4-INT(E4))*100, blocks, QUOTIENT(total, 15), extra, MOD(total, 15), units, blocks + IF(extra>=8, 1, 0), units) | I4: 1/1 97153 | J4: =IF(L4="Level 1", VLOOKUP(I4, UserCodes!E:F, 2, FALSE) * H4, IF(L4="Level 2", VLOOKUP(I4, UserCodes!E:F, 2, FALSE) * H4 * 0.8, 0)) | K4: Osman, Basra | L4: =VLOOKUP(K4, UserCodes!A:B, 2, FALSE)
A5: Abdi, Mohamed | B5: 46004 | C5: 10:00 AM - 02:40 PM | D5: 04:40 | E5: =HOUR(D5)+MINUTE(D5)/100 | F5: =ROUND(INT(E5) + (E5 - INT(E5)) * 100 / 60, 2) | G5: =E5*4 | H5: =LET(total, INT(E5)*60 + (E5-INT(E5))*100, blocks, QUOTIENT(total, 15), extra, MOD(total, 15), units, blocks + IF(extra>=8, 1, 0), units) | I5: 1/1 97153 | J5: =IF(L5="Level 1", VLOOKUP(I5, UserCodes!E:F, 2, FALSE) * H5, IF(L5="Level 2", VLOOKUP(I5, UserCodes!E:F, 2, FALSE) * H5 * 0.8, 0)) | K5: Mohamed, Mohamed | L5: =VLOOKUP(K5, UserCodes!A:B, 2, FALSE)
A6: Abdi, Mohamed | B6: 46004 | C6: 01:00 PM - 02:40 PM | D6: 01:40 | E6: =HOUR(D6)+MINUTE(D6)/100 | F6: =ROUND(INT(E6) + (E6 - INT(E6)) * 100 / 60, 2) | G6: =E6*4 | H6: =LET(total, INT(E6)*60 + (E6-INT(E6))*100, blocks, QUOTIENT(total, 15), extra, MOD(total, 15), units, blocks + IF(extra>=8, 1, 0), units) | I6: O&D 97155 | J6: =IF(L6="Level 1", VLOOKUP(I6, UserCodes!E:F, 2, FALSE) * H6, IF(L6="Level 2", VLOOKUP(I6, UserCodes!E:F, 2, FALSE) * H6 * 0.8, 0)) | K6: Hawadle, Abdiaziz | L6: =VLOOKUP(K6, UserCodes!A:B, 2, FALSE)
A7: Abdi, Mohamed | B7: 46004 | C7: 02:40 PM - 06:10 PM | D7: 03:30 | E7: =HOUR(D7)+MINUTE(D7)/100 | F7: =ROUND(INT(E7) + (E7 - INT(E7)) * 100 / 60, 2) | G7: =E7*4 | H7: =LET(total, INT(E7)*60 + (E7-INT(E7))*100, blocks, QUOTIENT(total, 15), extra, MOD(total, 15), units, blocks + IF(extra>=8, 1, 0), units) | I7: 1/1 97153 | J7: =IF(L7="Level 1", VLOOKUP(I7, UserCodes!E:F, 2, FALSE) * H7, IF(L7="Level 2", VLOOKUP(I7, UserCodes!E:F, 2, FALSE) * H7 * 0.8, 0)) | K7: Ibrahim, Ahmed | L7: =VLOOKUP(K7, UserCodes!A:B, 2, FALSE)
A8: Abdi, Mohamed | B8: 46004 | C8: 02:40 PM - 04:00 PM | D8: 01:20 | E8: =HOUR(D8)+MINUTE(D8)/100 | F8: =ROUND(INT(E8) + (E8 - INT(E8)) * 100 / 60, 2) | G8: =E8*4 | H8: =LET(total, INT(E8)*60 + (E8-INT(E8))*100, blocks, QUOTIENT(total, 15), extra, MOD(total, 15), units, blocks + IF(extra>=8, 1, 0), units) | I8: O&D 97155 | J8: =IF(L8="Level 1", VLOOKUP(I8, UserCodes!E:F, 2, FALSE) * H8, IF(L8="Level 2", VLOOKUP(I8, UserCodes!E:F, 2, FALSE) * H8 * 0.8, 0)) | K8: Hawadle, Abdiaziz | L8: =VLOOKUP(K8, UserCodes!A:B, 2, FALSE)
A9: Abdi, Mohamed | B9: 46006 | C9: 03:00 PM - 08:00 PM | D9: 05:00 | E9: =HOUR(D9)+MINUTE(D9)/100 | F9: =ROUND(INT(E9) + (E9 - INT(E9)) * 100 / 60, 2) | G9: =E9*4 | H9: =LET(total, INT(E9)*60 + (E9-INT(E9))*100, blocks, QUOTIENT(total, 15), extra, MOD(total, 15), units, blocks + IF(extra>=8, 1, 0), units) | I9: 1/1 97153 | J9: =IF(L9="Level 1", VLOOKUP(I9, UserCodes!E:F, 2, FALSE) * H9, IF(L9="Level 2", VLOOKUP(I9, UserCodes!E:F, 2, FALSE) * H9 * 0.8, 0)) | K9: Omar, Mohamed | L9: =VLOOKUP(K9, UserCodes!A:B, 2, FALSE)
A10: Abdi, Mohamed | B10: 46006 | C10: 06:15 PM - 08:00 PM | D10: 01:45 | E10: =HOUR(D10)+MINUTE(D10)/100 | F10: =ROUND(INT(E10) + (E10 - INT(E10)) * 100 / 60, 2) | G10: =E10*4 | H10: =LET(total, INT(E10)*60 + (E10-INT(E10))*100, blocks, QUOTIENT(total, 15), extra, MOD(total, 15), units, blocks + IF(extra>=8, 1, 0), units) | I10: O&D 97155 | J10: =IF(L10="Level 1", VLOOKUP(I10, UserCodes!E:F, 2, FALSE) * H10, IF(L10="Level 2", VLOOKUP(I10, UserCodes!E:F, 2, FALSE) * H10 * 0.8, 0)) | K10: Noor, Kamilo | L10: =VLOOKUP(K10, UserCodes!A:B, 2, FALSE)
A11: Abdi, Mohamed | B11: 46007 | C11: 02:15 PM - 08:00 PM | D11: 05:45 | E11: =HOUR(D11)+MINUTE(D11)/100 | F11: =ROUND(INT(E11) + (E11 - INT(E11)) * 100 / 60, 2) | G11: =E11*4 | H11: =LET(total, INT(E11)*60 + (E11-INT(E11))*100, blocks, QUOTIENT(total, 15), extra, MOD(total, 15), units, blocks + IF(extra>=8, 1, 0), units) | I11: 1/1 97153 | J11: =IF(L11="Level 1", VLOOKUP(I11, UserCodes!E:F, 2, FALSE) * H11, IF(L11="Level 2", VLOOKUP(I11, UserCodes!E:F, 2, FALSE) * H11 * 0.8, 0)) | K11: Ibrahim, Ahmed | L11: =VLOOKUP(K11, UserCodes!A:B, 2, FALSE)
A12: Abdi, Mohamed | B12: 46007 | C12: 04:00 PM - 07:00 PM | D12: 03:00 | E12: =HOUR(D12)+MINUTE(D12)/100 | F12: =ROUND(INT(E12) + (E12 - INT(E12)) * 100 / 60, 2) | G12: =E12*4 | H12: =LET(total, INT(E12)*60 + (E12-INT(E12))*100, blocks, QUOTIENT(total, 15), extra, MOD(total, 15), units, blocks + IF(extra>=8, 1, 0), units) | I12: O&D 97155 | J12: =IF(L12="Level 1", VLOOKUP(I12, UserCodes!E:F, 2, FALSE) * H12, IF(L12="Level 2", VLOOKUP(I12, UserCodes!E:F, 2, FALSE) * H12 * 0.8, 0)) | K12: Hawadle, Abdiaziz | L12: =VLOOKUP(K12, UserCodes!A:B, 2, FALSE)
A13: Abdi, Mohamed | B13: 46008 | C13: 06:00 PM - 08:00 PM | D13: 02:00 | E13: =HOUR(D13)+MINUTE(D13)/100 | F13: =ROUND(INT(E13) + (E13 - INT(E13)) * 100 / 60, 2) | G13: =E13*4 | H13: =LET(total, INT(E13)*60 + (E13-INT(E13))*100, blocks, QUOTIENT(total, 15), extra, MOD(total, 15), units, blocks + IF(extra>=8, 1, 0), units) | I13: O&D 97155 | J13: =IF(L13="Level 1", VLOOKUP(I13, UserCodes!E:F, 2, FALSE) * H13, IF(L13="Level 2", VLOOKUP(I13, UserCodes!E:F, 2, FALSE) * H13 * 0.8, 0)) | K13: Hashi, Ridwan | L13: =VLOOKUP(K13, UserCodes!A:B, 2, FALSE)
... A17: Abdi, Mohamed | B17: 46011 | C17: 10:35 AM - 06:00 PM | D17: 07:25 | E17: =HOUR(D17)+MINUTE(D17)/100 | F17: =ROUND(INT(E17) + (E17 - INT(E17)) * 100 / 60, 2) | G17: =E17*4 | H17: =LET(total, INT(E17)*60 + (E17-INT(E17))*100, blocks, QUOTIENT(total, 15), extra, MOD(total, 15), units, blocks + IF(extra>=8, 1, 0), units) | I17: 1/1 97153 | J17: =IF(L17="Level 1", VLOOKUP(I17, UserCodes!E:F, 2, FALSE) * H17, IF(L17="Level 2", VLOOKUP(I17, UserCodes!E:F, 2, FALSE) * H17 * 0.8, 0)) | K17: Mohamed, Samsam | L17: =VLOOKUP(K17, UserCodes!A:B, 2, FALSE)
A18: Abdi, Mohamed | B18: 46013 | C18: 03:00pm - 08:00pm | E18: =HOUR(D18)+MINUTE(D18)/100 | F18: =ROUND(INT(E18) + (E18 - INT(E18)) * 100 / 60, 2) | G18: =E18*4 | H18: =LET(total, INT(E18)*60 + (E18-INT(E18))*100, blocks, QUOTIENT(total, 15), extra, MOD(total, 15), units, blocks + IF(extra>=8, 1, 0), units) | I18: 1/1 97153 | J18: =IF(L18="Level 1", VLOOKUP(I18, UserCodes!E:F, 2, FALSE) * H18, IF(L18="Level 2", VLOOKUP(I18, UserCodes!E:F, 2, FALSE) * H18 * 0.8, 0)) | K18: Mohamed, Mohamed | L18: =VLOOKUP(K18, UserCodes!A:B, 2, FALSE) | M18: No note
A19: Abdi, Mohamed | B19: 46013 | C19: 07:00pm - 08:00pm | E19: =HOUR(D19)+MINUTE(D19)/100 | F19: =ROUND(INT(E19) + (E19 - INT(E19)) * 100 / 60, 2) | G19: =E19*4 | H19: =LET(total, INT(E19)*60 + (E19-INT(E19))*100, blocks, QUOTIENT(total, 15), extra, MOD(total, 15), units, blocks + IF(extra>=8, 1, 0), units) | I19: O&D 97155 | J19: =IF(L19="Level 1", VLOOKUP(I19, UserCodes!E:F, 2, FALSE) * H19, IF(L19="Level 2", VLOOKUP(I19, UserCodes!E:F, 2, FALSE) * H19 * 0.8, 0)) | K19: Ibrahim, Ahmed | L19: =VLOOKUP(K19, UserCodes!A:B, 2, FALSE) | M19: No note
A20: Abdi, Mohamed | B20: 46014 | C20: 03:00 PM - 08:00 PM | D20: 05:00 | E20: =HOUR(D20)+MINUTE(D20)/100 | F20: =ROUND(INT(E20) + (E20 - INT(E20)) * 100 / 60, 2) | G20: =E20*4 | H20: =LET(total, INT(E20)*60 + (E20-INT(E20))*100, blocks, QUOTIENT(total, 15), extra, MOD(total, 15), units, blocks + IF(extra>=8, 1, 0), units) | I20: 1/1 97153 | J20: =IF(L20="Level 1", VLOOKUP(I20, UserCodes!E:F, 2, FALSE) * H20, IF(L20="Level 2", VLOOKUP(I20, UserCodes!E:F, 2, FALSE) * H20 * 0.8, 0)) | K20: Omar, Mohamed | L20: =VLOOKUP(K20, UserCodes!A:B, 2, FALSE)

Sheet Abdi, Salman
A1: Student | B1: Service Date | C1: Session Time | D1: Session Duration | E1: Hours | F1: Pay | G1: Units | H1: FNF | I1: Code | J1: Charged Amount | K1: User | L1: Level | M1: Note | N1: Unbilled notes | O1: Expiration Date
A2: Abdi, Salman | B2: 46002 | C2: 03:15 PM - 08:00 PM | D2: 04:45 | E2: =HOUR(D2)+MINUTE(D2)/100 | F2: =ROUND(INT(E2) + (E2 - INT(E2)) * 100 / 60, 2) | G2: =E2*4 | H2: =LET(total, INT(E2)*60 + (E2-INT(E2))*100, blocks, QUOTIENT(total, 15), extra, MOD(total, 15), units, blocks + IF(extra>=8, 1, 0), units) | I2: 1/1 97153 | J2: =IF(L2="Level 1", VLOOKUP(I2, UserCodes!E:F, 2, FALSE) * H2, IF(L2="Level 2", VLOOKUP(I2, UserCodes!E:F, 2, FALSE) * H2 * 0.8, 0)) | K2: Mohamed, Mohamed | L2: =VLOOKUP(K2, UserCodes!A:B, 2, FALSE)
A3: Abdi, Salman | B3: 46002 | C3: 04:30 PM - 06:30 PM | D3: 02:00 | E3: =HOUR(D3)+MINUTE(D3)/100 | F3: =ROUND(INT(E3) + (E3 - INT(E3)) * 100 / 60, 2) | G3: =E3*4 | H3: =LET(total, INT(E3)*60 + (E3-INT(E3))*100, blocks, QUOTIENT(total, 15), extra, MOD(total, 15), units, blocks + IF(extra>=8, 1, 0), units) | I3: O&D 97155 | J3: =IF(L3="Level 1", VLOOKUP(I3, UserCodes!E:F, 2, FALSE) * H3, IF(L3="Level 2", VLOOKUP(I3, UserCodes!E:F, 2, FALSE) * H3 * 0.8, 0)) | K3: Mohamed, Madar | L3: =VLOOKUP(K3, UserCodes!A:B, 2, FALSE)
A4: Abdi, Salman | B4: 46003 | C4: 03:15 PM - 08:00 PM | D4: 04:45 | E4: =HOUR(D4)+MINUTE(D4)/100 | F4: =ROUND(INT(E4) + (E4 - INT(E4)) * 100 / 60, 2) | G4: =E4*4 | H4: =LET(total, INT(E4)*60 + (E4-INT(E4))*100, blocks, QUOTIENT(total, 15), extra, MOD(total, 15), units, blocks + IF(extra>=8, 1, 0), units) | I4: 1/1 97153 | J4: =IF(L4="Level 1", VLOOKUP(I4, UserCodes!E:F, 2, FALSE) * H4, IF(L4="Level 2", VLOOKUP(I4, UserCodes!E:F, 2, FALSE) * H4 * 0.8, 0)) | K4: Omar, Mohamed | L4: =VLOOKUP(K4, UserCodes!A:B, 2, FALSE)
A5: Abdi, Salman | B5: 46006 | C5: 07:00 PM - 08:00 PM | D5: 01:00 | E5: =HOUR(D5)+MINUTE(D5)/100 | F5: =ROUND(INT(E5) + (E5 - INT(E5)) * 100 / 60, 2) | G5: =E5*4 | H5: =LET(total, INT(E5)*60 + (E5-INT(E5))*100, blocks, QUOTIENT(total, 15), extra, MOD(total, 15), units, blocks + IF(extra>=8, 1, 0), units) | I5: O&D 97155 | J5: =IF(L5="Level 1", VLOOKUP(I5, UserCodes!E:F, 2, FALSE) * H5, IF(L5="Level 2", VLOOKUP(I5, UserCodes!E:F, 2, FALSE) * H5 * 0.8, 0)) | K5: Muse, Ayni | L5: =VLOOKUP(K5, UserCodes!A:B, 2, FALSE)
A6: Abdi, Salman | B6: 46006 | C6: 03:15 PM - 08:00 PM | D6: 04:45 | E6: =HOUR(D6)+MINUTE(D6)/100 | F6: =ROUND(INT(E6) + (E6 - INT(E6)) * 100 / 60, 2) | G6: =E6*4 | H6: =LET(total, INT(E6)*60 + (E6-INT(E6))*100, blocks, QUOTIENT(total, 15), extra, MOD(total, 15), units, blocks + IF(extra>=8, 1, 0), units) | I6: 1/1 97153 | J6: =IF(L6="Level 1", VLOOKUP(I6, UserCodes!E:F, 2, FALSE) * H6, IF(L6="Level 2", VLOOKUP(I6, UserCodes!E:F, 2, FALSE) * H6 * 0.8, 0)) | K6: Mohamed, Mohamed | L6: =VLOOKUP(K6, UserCodes!A:B, 2, FALSE)
A7: Abdi, Salman | B7: 46007 | C7: 03:15 PM - 08:15 PM | D7: 05:00 | E7: =HOUR(D7)+MINUTE(D7)/100 | F7: =ROUND(INT(E7) + (E7 - INT(E7)) * 100 / 60, 2) | G7: =E7*4 | H7: =LET(total, INT(E7)*60 + (E7-INT(E7))*100, blocks, QUOTIENT(total, 15), extra, MOD(total, 15), units, blocks + IF(extra>=8, 1, 0), units) | I7: 1/1 97153 | J7: =IF(L7="Level 1", VLOOKUP(I7, UserCodes!E:F, 2, FALSE) * H7, IF(L7="Level 2", VLOOKUP(I7, UserCodes!E:F, 2, FALSE) * H7 * 0.8, 0)) | K7: Omar, Mohamed | L7: =VLOOKUP(K7, UserCodes!A:B, 2, FALSE)
A8: Abdi, Salman | B8: 46007 | C8: 04:00 PM - 06:00 PM | D8: 02:00 | E8: =HOUR(D8)+MINUTE(D8)/100 | F8: =ROUND(INT(E8) + (E8 - INT(E8)) * 100 / 60, 2) | G8: =E8*4 | H8: =LET(total, INT(E8)*60 + (E8-INT(E8))*100, blocks, QUOTIENT(total, 15), extra, MOD(total, 15), units, blocks + IF(extra>=8, 1, 0), units) | I8: O&D 97155 | J8: =IF(L8="Level 1", VLOOKUP(I8, UserCodes!E:F, 2, FALSE) * H8, IF(L8="Level 2", VLOOKUP(I8, UserCodes!E:F, 2, FALSE) * H8 * 0.8, 0)) | K8: Mohamed, Madar | L8: =VLOOKUP(K8, UserCodes!A:B, 2, FALSE)
